time,x,y,z,force,res
2.055987477,0.247,8.93064e-05,0.34526,0.0502689,0
2.056057433,0.247,8.93064e-05,0.34526,0.0502689,0
2.076128420,0.246846,-0.000100079,0.345415,0.0502973,0
2.096122211,0.247077,-0.000100231,0.345067,0.0502893,0
2.116879446,0.247077,-0.000100231,0.345067,0.050307,0
2.136120196,0.246846,0.000183899,0.345376,0.0503057,0
2.156219428,0.246846,0.000183899,0.345376,0.0502965,0
2.176130727,0.246847,-5.42165e-06,0.345164,0.0502943,0
2.196128359,0.247077,-5.51417e-06,0.344854,0.0503046,0
2.216100976,0.247077,-5.51417e-06,0.344854,0.0503198,0
2.236115921,0.247,-0.000194901,0.345222,0.0503038,0
2.256118755,0.247,-0.000194901,0.345222,0.0503204,0
2.277638035,0.247077,-5.48951e-06,0.345047,0.0503412,0
2.296293139,0.247077,-5.48951e-06,0.345047,0.0503279,0
2.316119533,0.246616,8.92104e-05,0.345656,0.0503109,0
2.338412543,0.246923,-0.000194877,0.345047,0.0503113,0
2.356123532,0.246923,-0.000194877,0.345047,0.0503244,0
2.376172084,0.246615,8.92633e-05,0.345918,0.0503244,0
2.396117930,0.247153,-5.52583e-06,0.345086,0.0503389,0
2.416138014,0.247153,-5.52583e-06,0.345086,0.0503583,0
2.437077929,0.246846,-0.000194733,0.345464,0.0503229,0
2.456116935,0.246846,-0.000194733,0.345464,0.0503291,0
2.476123385,0.247077,0.000184027,0.345067,0.0503612,0
2.496116996,0.247153,8.92714e-05,0.34498,0.0503607,0
2.516137070,0.247153,8.92714e-05,0.34498,0.0503654,0
2.536123880,0.247077,-5.48951e-06,0.345047,0.0503638,0
2.556133488,0.247077,-5.48951e-06,0.345047,0.0503331,0
2.576117810,0.247077,-5.49644e-06,0.344941,0.0503279,0
2.596125812,0.246923,8.92286e-05,0.345202,0.0502959,0
2.616155816,0.246923,8.92286e-05,0.345202,0.0502762,0
2.636134666,0.247077,-0.000100207,0.345222,0.0502747,0
2.656116454,0.247077,-0.000100207,0.345222,0.0502922,0
2.676131350,0.247,-5.47867e-06,0.345173,0.0503051,0
2.696115226,0.246923,-0.000100095,0.345483,0.0502906,0
2.716122400,0.246923,-0.000100095,0.345483,0.0503231,0
2.736120710,0.24723,-5.49643e-06,0.345086,0.0503107,0
2.756116779,0.24723,-5.49643e-06,0.345086,0.0503024,0
2.776125202,0.24723,-0.000195114,0.344825,0.0503,0
2.796117318,0.246923,-0.000100097,0.345289,0.0503111,0
2.816117427,0.246923,-0.000100097,0.345289,0.0502947,0
2.836116785,0.246846,0.000183875,0.345222,0.0502754,0
2.856134654,0.246846,0.000183875,0.345222,0.0502913,0
2.876126327,0.246846,8.92467e-05,0.345328,0.0503108,0
2.896122882,0.247077,-0.000194983,0.345105,0.0503224,0
2.916128041,0.247077,-0.000194983,0.345105,0.0503083,0
2.936132829,0.247077,-0.00010026,0.34496,0.0502968,0
2.956115933,0.247077,-0.00010026,0.34496,0.0502903,0
2.976127481,0.247153,8.92926e-05,0.345047,0.0503202,0
2.996159116,0.247,8.91771e-05,0.345058,0.0503137,0
3.016132859,0.247,8.91771e-05,0.345058,0.050293,0
3.036148326,0.247,-0.000194912,0.345202,0.0503011,0
3.056135021,0.247,-0.000194912,0.345202,0.050316,0
3.076116156,0.246846,-5.43633e-06,0.345309,0.0503149,0
3.096114083,0.247077,0.000184045,0.345154,0.0503081,0
3.116116965,0.247077,0.000184045,0.345154,0.0503247,0
3.136131351,0.247,8.92653e-05,0.345347,0.050329,0
3.156117013,0.247,8.92653e-05,0.345347,0.0503194,0
3.176144284,0.247077,-5.58081e-06,0.344816,0.0503344,0
3.196141767,0.247077,-0.000100234,0.345086,0.0503325,0
3.216121160,0.247077,-0.000100234,0.345086,0.0503064,0
3.236115014,0.247,-0.000100192,0.345115,0.0503131,0
3.256120165,0.247,-0.000100192,0.345115,0.0503204,0
3.276120693,0.246847,-5.4904e-06,0.345115,0.0503093,0
3.296135579,0.247,-5.47177e-06,0.345135,0.0502889,0
3.316116203,0.247,-5.47177e-06,0.345135,0.0502754,0
3.336121373,0.246846,8.92281e-05,0.345309,0.0502771,0
3.356121777,0.246846,8.92281e-05,0.345309,0.0502576,0
3.376130702,0.247,8.92506e-05,0.345347,0.050272,0
3.396121572,0.247076,-0.000194926,0.345279,0.050276,0
3.416147676,0.247076,-0.000194926,0.345279,0.0502572,0
3.436138455,0.246923,8.91754e-05,0.344941,0.0502642,0
3.456076888,0.246923,8.91754e-05,0.344941,0.0502806,0
3.476141770,0.247,-5.47177e-06,0.345135,0.0502648,0
3.496126442,0.247306,-5.57821e-06,0.344612,0.0502926,0
3.516116637,0.247306,-5.57821e-06,0.344612,0.0503086,0
3.536134878,0.247153,-0.000195115,0.344854,0.0503024,0
3.556125805,0.247153,-0.000195115,0.344854,0.0502992,0
3.576123759,0.24723,8.92688e-05,0.344786,0.0503053,0
3.596137641,0.247077,-0.000100242,0.345047,0.0502883,0
3.616146509,0.247077,-0.000100242,0.345047,0.0502962,0
3.636130341,0.24723,-0.00019513,0.34496,0.0503278,0
3.656164365,0.24723,-0.00019513,0.34496,0.0503551,0
3.676129689,0.247077,-0.000289748,0.345047,0.0503658,0
3.696142066,0.24723,-5.53534e-06,0.344931,0.0503873,0
3.716121588,0.24723,-5.53534e-06,0.344931,0.0503869,0
3.736140961,0.246693,-5.43636e-06,0.345308,0.050369,0
3.756138482,0.246693,-5.43636e-06,0.345308,0.0503917,0
3.776124314,0.246616,-0.000194587,0.345319,0.050397,0
3.796117442,0.246693,-0.000194644,0.345289,0.0504009,0
3.816141463,0.246693,-0.000194644,0.345289,0.0503949,0
3.836187177,0.246692,-5.38317e-06,0.34557,0.0503638,0
3.856145710,0.246692,-5.38317e-06,0.34557,0.0503768,0
3.876149918,0.246692,-5.36889e-06,0.345676,0.0503837,0
3.896152069,0.246769,8.92673e-05,0.345502,0.0503883,0
3.916130341,0.246769,8.92673e-05,0.345502,0.0504001,0
3.936122235,0.247077,-0.000194985,0.345096,0.0504212,0
3.956131407,0.247077,-0.000194985,0.345096,0.0503754,0
3.976143854,0.24677,-5.41861e-06,0.345396,0.050367,0
3.996129356,0.246846,-5.43633e-06,0.345309,0.0503747,0
4.016126688,0.246846,-5.43633e-06,0.345309,0.0503818,0
4.036138163,0.247,-5.38142e-06,0.345145,0.0503698,0
4.056142053,0.247,-5.38142e-06,0.345145,0.0503573,0
4.076144247,0.246769,8.92693e-05,0.345657,0.0503673,0
4.096154579,0.24677,-0.000100089,0.345221,0.0503701,0
4.116144438,0.24677,-0.000100089,0.345221,0.0503453,0
4.136132533,0.247,-0.000194918,0.345135,0.0503527,0
4.156159077,0.247,-0.000194918,0.345135,0.050333,0
4.176140336,0.247153,-5.50725e-06,0.34496,0.0503225,0
4.196118774,0.247153,0.000184092,0.345134,0.0503259,0
4.216167367,0.247153,0.000184092,0.345134,0.0503259,0
4.236139730,0.246846,-5.38402e-06,0.345638,0.0503222,0
4.256126513,0.246846,-5.38402e-06,0.345638,0.0503154,0
4.276118006,0.246769,-9.99951e-05,0.345502,0.0503234,0
4.296115489,0.246846,-0.000100102,0.345376,0.0503211,0
4.316096309,0.246846,-0.000100102,0.345376,0.0503128,0
4.336122453,0.246923,-5.47959e-06,0.345096,0.0503134,0
4.356154548,0.246923,-5.47959e-06,0.345096,0.0503339,0
4.376180088,0.246846,-5.39439e-06,0.345551,0.0503124,0
4.396144017,0.247077,-0.000100242,0.345047,0.0503004,0
4.416163777,0.247077,-0.000100242,0.345047,0.050329,0
4.436166300,0.247,-5.48127e-06,0.34498,0.0503253,0
4.456116876,0.247,-5.48127e-06,0.34498,0.0503408,0
4.476115086,0.24677,-0.000194673,0.345328,0.0503321,0
4.496141081,0.247153,-5.4796e-06,0.345096,0.0503096,0
4.516146284,0.247153,-5.4796e-06,0.345096,0.0503161,0
4.536151417,0.246923,8.91961e-05,0.345115,0.0502981,0
4.556128744,0.246923,8.91961e-05,0.345115,0.0503076,0
4.576154748,0.247153,8.93216e-05,0.345154,0.0503161,0
4.596150221,0.246923,-0.000194842,0.345222,0.0503083,0
4.616119505,0.246923,-0.000194842,0.345222,0.0502992,0
4.636168750,0.247077,-5.47178e-06,0.345135,0.0503205,0
4.656121565,0.247077,-5.47178e-06,0.345135,0.0503145,0
4.676120385,0.24723,-0.000195134,0.344941,0.050303,0
4.696118362,0.247077,8.9216e-05,0.344816,0.0503252,0
4.716147124,0.247077,8.9216e-05,0.344816,0.0503302,0
4.736114973,0.246923,8.92083e-05,0.345067,0.050352,0
4.756118217,0.246923,8.92083e-05,0.345067,0.0503441,0
4.776135385,0.247,-0.000194901,0.345222,0.0503337,0
4.796131409,0.246693,-5.397e-06,0.345502,0.050312,0
4.816128282,0.246693,-5.397e-06,0.345502,0.0503208,0
4.836116497,0.247307,-0.000195184,0.344911,0.0503114,0
4.856125649,0.247307,-0.000195184,0.344911,0.0503221,0
4.876142761,0.247,0.000183957,0.345047,0.050327,0
4.896119671,0.247077,8.92308e-05,0.345105,0.0503322,0
4.916130459,0.247077,8.92308e-05,0.345105,0.0503763,0
4.936118345,0.247,-5.47522e-06,0.345154,0.0503838,0
4.956117825,0.247,-5.47522e-06,0.345154,0.0503639,0
4.976117810,0.247307,-0.000100358,0.344911,0.0503767,0
4.996134840,0.247077,-5.51804e-06,0.34498,0.050385,0
5.016166215,0.247077,-5.51804e-06,0.34498,0.0503456,0
5.036141175,0.247077,-0.000100296,0.344999,0.0503217,0
5.056137415,0.247077,-0.000100296,0.344999,0.0503493,0
5.076121001,0.24723,-0.000195154,0.344805,0.050347,0
5.096130679,0.246923,-0.000289536,0.345222,0.0503247,0
5.116149126,0.246923,-0.000289536,0.345222,0.0503384,0
5.136153558,0.247,8.92515e-05,0.345135,0.0503468,0
5.156151047,0.247,8.92515e-05,0.345135,0.0503155,0
5.176121987,0.246769,-5.38962e-06,0.345502,0.0502924,0
5.196144229,0.247,0.000278691,0.345173,0.0502755,0
5.216122530,0.247,0.000278691,0.345173,0.0502979,0
5.236166576,0.246846,-0.000100064,0.345415,0.0502793,0
5.256167178,0.246846,-0.000100064,0.345415,0.0502701,0
5.276105792,0.247307,-5.52501e-06,0.344873,0.0502755,0
5.296176680,0.247,-5.4856e-06,0.345067,0.0502922,0
5.316146693,0.247,-5.4856e-06,0.345067,0.0502907,0
5.336147767,0.246846,-5.4186e-06,0.345396,0.0502978,0
5.356116981,0.246846,-5.4186e-06,0.345396,0.050344,0
5.376123268,0.246923,-5.39741e-06,0.345464,0.0503396,0
5.396156744,0.247077,-5.46228e-06,0.345289,0.050334,0
5.416134794,0.247077,-5.46228e-06,0.345289,0.0502735,0
5.436123710,0.247076,0.0002788,0.345241,0.0503061,0
5.456132668,0.247076,0.0002788,0.345241,0.0502942,0
5.476126188,0.246846,8.92458e-05,0.345396,0.0503143,0
5.496128096,0.247077,-5.46052e-06,0.345154,0.0503036,0
5.516116083,0.247077,-5.46052e-06,0.345154,0.0502868,0
5.536169450,0.247153,0.000184074,0.345115,0.0503076,0
5.556126605,0.247153,0.000184074,0.345115,0.0503269,0
5.576142266,0.247076,-5.43632e-06,0.345309,0.0503252,0
5.596164445,0.246769,-0.000100018,0.34557,0.0503213,0
5.616075769,0.246769,-0.000100018,0.34557,0.0503119,0
5.636126212,0.247,8.9229e-05,0.345096,0.0503328,0
5.656157135,0.247,8.9229e-05,0.345096,0.050326,0
5.676143086,0.246846,-0.000100083,0.345396,0.0503358,0
5.696152710,0.246923,8.9261e-05,0.345289,0.0503266,0
5.716150295,0.246923,8.9261e-05,0.345289,0.0503353,0
5.736132960,0.246847,-0.000100115,0.345096,0.0503341,0
5.756141013,0.246847,-0.000100115,0.345096,0.0503279,0
5.776118839,0.247077,8.92312e-05,0.344854,0.0503158,0
5.796134784,0.247307,-0.000195225,0.344786,0.0503175,0
5.816130091,0.247307,-0.000195225,0.344786,0.0503093,0
5.836144716,0.246923,-0.000100152,0.345202,0.0503351,0
5.856127834,0.246923,-0.000100152,0.345202,0.0503368,0
5.876124600,0.247153,0.000184034,0.344922,0.0503398,0
5.896121316,0.247,-0.000100179,0.345067,0.0503262,0
5.916133578,0.247,-0.000100179,0.345067,0.0503029,0
5.936154066,0.246923,8.92575e-05,0.345309,0.0503046,0
5.956115780,0.246923,8.92575e-05,0.345309,0.0503216,0
5.976121643,0.247077,-5.45531e-06,0.344999,0.0503242,0
5.996137083,0.246846,-5.43633e-06,0.345309,0.050314,0
6.016155220,0.246846,-5.43633e-06,0.345309,0.0503113,0
6.036121891,0.246846,-0.000100083,0.345289,0.050301,0
6.056138763,0.246846,-0.000100083,0.345289,0.0502746,0
6.076151529,0.247,-5.46787e-06,0.345154,0.0502778,0
6.096140457,0.246846,-5.4186e-06,0.345396,0.0502664,0
6.116138202,0.246846,-5.4186e-06,0.345396,0.0502895,0
6.136147616,0.247,-0.000289638,0.345154,0.0502674,0
6.156123291,0.247,-0.000289638,0.345154,0.0502797,0
6.176125467,0.246923,-0.000289554,0.345202,0.0502858,0
6.196132583,0.247077,-5.5185e-06,0.344941,0.0503449,0
6.216145995,0.247077,-5.5185e-06,0.344941,0.0503612,0
6.236136105,0.246923,-0.000194817,0.345377,0.0503305,0
6.256116743,0.246923,-0.000194817,0.345377,0.0503337,0
6.276133308,0.247153,-5.4938e-06,0.344738,0.0503456,0
6.296141275,0.246693,-0.000289217,0.345483,0.0503418,0
6.316103968,0.246693,-0.000289217,0.345483,0.0503359,0
6.336161618,0.246846,-5.45494e-06,0.345289,0.0503328,0
6.356119848,0.246846,-5.45494e-06,0.345289,0.0503696,0
6.376140289,0.246923,-5.45405e-06,0.345222,0.0503619,0
6.396133246,0.246846,0.000278536,0.345241,0.0503727,0
6.416161455,0.246846,0.000278536,0.345241,0.0503677,0
6.436130416,0.247,-0.000100199,0.345154,0.0503707,0
6.456152647,0.247,-0.000100199,0.345154,0.0503724,0
6.476127204,0.247153,-5.48952e-06,0.345047,0.0503465,0
6.496140107,0.247153,8.93121e-05,0.344999,0.0503499,0
6.516175225,0.247153,8.93121e-05,0.344999,0.0503456,0
6.536162218,0.246923,-5.38048e-06,0.345366,0.0503619,0
6.556140283,0.246923,-5.38048e-06,0.345366,0.0503436,0
6.576129710,0.247077,-5.56821e-06,0.344805,0.0503469,0
6.596115908,0.247153,-0.000195043,0.345173,0.0503374,0
6.616140170,0.247153,-0.000195043,0.345173,0.0503504,0
6.636117388,0.246923,-5.46531e-06,0.345202,0.0503416,0
6.656119237,0.246923,-5.46531e-06,0.345202,0.0503546,0
6.676140845,0.246923,8.92398e-05,0.345222,0.0503451,0
6.696163927,0.247,-0.00019494,0.345173,0.0503184,0
6.716117614,0.247,-0.00019494,0.345173,0.0503201,0
6.736116429,0.246923,-5.38527e-06,0.345415,0.0502989,0
6.756133681,0.246923,-5.38527e-06,0.345415,0.0502962,0
6.776151574,0.247,-0.00010017,0.345328,0.0503155,0
6.796141344,0.246923,-0.000100128,0.345173,0.0503088,0
6.816129496,0.246923,-0.000100128,0.345173,0.0503205,0
6.836118939,0.246923,-0.000289546,0.345241,0.0503506,0
6.856130494,0.246923,-0.000289546,0.345241,0.0503254,0
6.876133344,0.246846,-0.000100119,0.345289,0.050312,0
6.896141611,0.246923,-0.000194825,0.345377,0.0503125,0
6.916117465,0.246923,-0.000194825,0.345377,0.0503087,0
6.936146700,0.246769,-5.39697e-06,0.345502,0.0502996,0
6.956128917,0.246769,-5.39697e-06,0.345502,0.050308,0
6.976123252,0.247153,-5.41732e-06,0.345077,0.050318,0
6.996145135,0.246923,-5.48001e-06,0.345202,0.0503236,0
7.016149976,0.246923,-5.48001e-06,0.345202,0.0503137,0
7.036184616,0.247153,-5.53624e-06,0.344854,0.0503167,0
7.056120609,0.247153,-5.53624e-06,0.344854,0.0503041,0
7.076137182,0.247077,-0.000100264,0.344941,0.0503098,0
7.096136948,0.247077,-5.46791e-06,0.345009,0.0503062,0
7.116132048,0.247077,-5.46791e-06,0.345009,0.0503027,0
7.136139673,0.246846,8.9238e-05,0.345357,0.0503016,0
7.156145042,0.246846,8.9238e-05,0.345357,0.0502841,0
7.176155497,0.247,-5.43543e-06,0.345241,0.0502686,0
7.196123840,0.246923,-0.000100148,0.345222,0.050269,0
7.216132342,0.246923,-0.000100148,0.345222,0.0502768,0
7.236137062,0.24677,0.00018379,0.345202,0.050277,0
7.256131990,0.24677,0.00018379,0.345202,0.050276,0
7.276127983,0.247,-5.48951e-06,0.345047,0.0502715,0
7.296135077,0.246846,-5.4186e-06,0.345396,0.0502809,0
7.316148072,0.246846,-5.4186e-06,0.345396,0.0502613,0
7.336165274,0.247077,-5.46397e-06,0.345173,0.050273,0
7.356131818,0.247077,-5.46397e-06,0.345173,0.0502901,0
7.376115157,0.246923,-5.40733e-06,0.345415,0.0502693,0
7.396121176,0.24723,-5.46916e-06,0.344931,0.0502783,0
7.416173237,0.24723,-5.46916e-06,0.344931,0.0502845,0
7.436173809,0.247077,-5.49039e-06,0.345115,0.0502789,0
7.456121846,0.247077,-5.49039e-06,0.345115,0.0502886,0
7.476127751,0.24723,-5.53928e-06,0.344767,0.0502844,0
7.496116796,0.247307,-5.56136e-06,0.344767,0.0502808,0
7.516146300,0.247307,-5.56136e-06,0.344767,0.0502808,0
7.536149753,0.246846,8.92393e-05,0.345328,0.050283,0
7.556140243,0.246846,8.92393e-05,0.345328,0.050278,0
7.576130153,0.24677,-0.000194728,0.345241,0.0502938,0
7.596141749,0.246769,-9.99888e-05,0.345676,0.050306,0
7.616147487,0.246769,-9.99888e-05,0.345676,0.0502962,0
7.636158030,0.247077,-5.53187e-06,0.344912,0.0502971,0
7.656135442,0.247077,-5.53187e-06,0.344912,0.0503049,0
7.676135487,0.246846,8.9212e-05,0.345338,0.0502751,0
7.696132369,0.246846,-5.45406e-06,0.345222,0.0502954,0
7.716134684,0.246846,-5.45406e-06,0.345222,0.0502944,0
7.736157721,0.246769,-0.000289265,0.345463,0.0503099,0
7.756116041,0.246769,-0.000289265,0.345463,0.0502896,0
7.776132169,0.246923,-0.000100155,0.345115,0.0503043,0
7.796120296,0.246846,8.91856e-05,0.345425,0.0502906,0
7.816168346,0.246846,8.91856e-05,0.345425,0.0502928,0
7.836134588,0.247,-5.59675e-06,0.345279,0.050309,0
7.856132400,0.247,-5.59675e-06,0.345279,0.0503216,0
7.876134346,0.247077,-5.45405e-06,0.345222,0.0503091,0
7.896141530,0.247077,-0.000100268,0.345028,0.0503349,0
7.916118907,0.247077,-0.000100268,0.345028,0.0503555,0
7.936117697,0.247,-0.000289642,0.345135,0.0503344,0
7.956120464,0.247,-0.000289642,0.345135,0.0503401,0
7.976135705,0.246923,-5.48304e-06,0.345115,0.050321,0
7.996130316,0.24723,8.92801e-05,0.344805,0.0503075,0
8.016143031,0.24723,8.92801e-05,0.344805,0.0503222,0
8.036123111,0.246692,-5.36544e-06,0.345657,0.050306,0
8.056138204,0.246692,-5.36544e-06,0.345657,0.0503111,0
8.076158459,0.246692,-0.000194535,0.345782,0.0503376,0
8.096135336,0.246923,-5.46183e-06,0.345328,0.0503375,0
8.116090198,0.246923,-5.46183e-06,0.345328,0.0503511,0
8.136148505,0.246846,0.000183883,0.34526,0.0503527,0
8.156132186,0.246846,0.000183883,0.34526,0.050368,0
8.176136548,0.246769,0.000278508,0.345502,0.0503547,0
8.196137881,0.24723,0.000184117,0.344642,0.0503283,0
8.216135107,0.24723,0.000184117,0.344642,0.0503284,0
8.236168368,0.246846,0.000183892,0.345309,0.0503533,0
8.256134178,0.246846,0.000183892,0.345309,0.050345,0
8.276139946,0.247077,-5.46787e-06,0.345154,0.0503445,0
8.296115053,0.246615,-0.000194499,0.345744,0.0503634,0
8.316118294,0.246615,-0.000194499,0.345744,0.0503475,0
8.336121556,0.247077,-0.000100243,0.345115,0.0503451,0
8.356137285,0.247077,-0.000100243,0.345115,0.0503407,0
8.376161741,0.246923,-0.000100122,0.345241,0.0503291,0
8.396168472,0.246923,-5.44715e-06,0.345183,0.0503462,0
8.416187211,0.246923,-5.44715e-06,0.345183,0.050366,0
8.436115110,0.246923,-0.000194876,0.34527,0.0503685,0
8.456128956,0.246923,-0.000194876,0.34527,0.0503633,0
8.476126870,0.247,-5.49127e-06,0.345183,0.0503667,0
8.496119758,0.246923,-5.48304e-06,0.345115,0.0503475,0
8.516155134,0.246923,-5.48304e-06,0.345115,0.0503194,0
8.536216427,0.247077,-5.49296e-06,0.345067,0.0503208,0
8.556116835,0.247077,-5.49296e-06,0.345067,0.050332,0
8.576139416,0.246846,-5.4186e-06,0.345396,0.0503419,0
8.596147083,0.246923,-5.39997e-06,0.345415,0.050359,0
8.616123189,0.246923,-5.39997e-06,0.345415,0.0503609,0
8.636132712,0.24723,-0.000195108,0.344854,0.0503645,0
8.656140444,0.24723,-0.000195108,0.344854,0.0503634,0
8.676118180,0.246923,-0.000100144,0.345202,0.0503402,0
8.696148011,0.247077,-0.000100264,0.344941,0.0503209,0
8.716167598,0.247077,-0.000100264,0.344941,0.0503464,0
8.736117231,0.247077,8.92775e-05,0.345154,0.0503164,0
8.756139251,0.247077,8.92775e-05,0.345154,0.0503031,0
8.776151530,0.247077,-0.000289784,0.344941,0.0503163,0
8.796133859,0.246923,-5.43287e-06,0.345289,0.0503165,0
8.816092357,0.246923,-5.43287e-06,0.345289,0.0503199,0
8.836120001,0.247077,-0.000100243,0.345154,0.0502985,0
8.856117499,0.247077,-0.000100243,0.345154,0.0502883,0
8.876119283,0.247077,0.000183998,0.34496,0.05028,0
8.896150980,0.24723,0.000184087,0.344854,0.0502823,0
8.916134721,0.24723,0.000184087,0.344854,0.0503045,0
8.936118308,0.246846,-5.4294e-06,0.345415,0.0503133,0
8.956162639,0.246846,-5.4294e-06,0.345415,0.0503081,0
8.976112702,0.247307,-5.48565e-06,0.345066,0.050335,0
8.996111066,0.247153,-5.49645e-06,0.344941,0.0503255,0
9.016131242,0.247153,-5.49645e-06,0.344941,0.0503314,0
9.036118533,0.24723,-0.000195131,0.344737,0.0503337,0
9.056116813,0.24723,-0.000195131,0.344737,0.0503212,0
9.076114382,0.246923,-0.000100094,0.345415,0.0503307,0
9.096116256,0.246847,-0.000194818,0.345047,0.0503073,0
9.116156797,0.246847,-0.000194818,0.345047,0.0503436,0
9.136143709,0.247,-0.000100193,0.344999,0.0503529,0
9.156119177,0.247,-0.000100193,0.344999,0.0503236,0
9.176127170,0.247153,-5.49078e-06,0.344825,0.0503296,0
9.196083161,0.247,8.92078e-05,0.345028,0.0502996,0
9.216147821,0.247,8.92078e-05,0.345028,0.0503278,0
9.236154340,0.247307,-0.000195231,0.344757,0.050313,0
9.256118393,0.247307,-0.000195231,0.344757,0.0503312,0
9.276165777,0.247077,-5.45405e-06,0.345222,0.0503312,0
9.296132384,0.247077,-5.52582e-06,0.345086,0.0503355,0
9.316149374,0.247077,-5.52582e-06,0.345086,0.0503329,0
9.336149102,0.246923,8.92398e-05,0.345222,0.0503227,0
9.356118447,0.246923,8.92398e-05,0.345222,0.0503126,0
9.376153251,0.24723,-5.51852e-06,0.344941,0.0503366,0
9.396139750,0.247307,-0.000195178,0.344979,0.0503332,0
9.416119567,0.247307,-0.000195178,0.344979,0.0503267,0
9.436127525,0.247077,8.92809e-05,0.345135,0.0503398,0
9.456120047,0.247077,8.92809e-05,0.345135,0.0503608,0
9.476122208,0.246847,-5.46099e-06,0.345115,0.0503541,0
9.496136222,0.247,8.92161e-05,0.34496,0.0503469,0
9.516154734,0.247,8.92161e-05,0.34496,0.0503533,0
9.536142316,0.246692,-5.29972e-06,0.345618,0.0503421,0
9.556146808,0.246692,-5.29972e-06,0.345618,0.0503587,0
9.576130413,0.246616,-9.99413e-05,0.345656,0.0503256,0
9.596137845,0.246692,-0.000100029,0.345589,0.0503452,0
9.616185053,0.246692,-0.000100029,0.345589,0.0503619,0
9.636138104,0.247077,0.000184015,0.345154,0.0503913,0
9.656167221,0.247077,0.000184015,0.345154,0.0503803,0
9.676114338,0.24723,-5.51416e-06,0.344999,0.0503894,0
9.696133018,0.247153,-0.000195089,0.344873,0.0503954,0
9.716133728,0.247153,-0.000195089,0.344873,0.0503544,0
9.736129761,0.247153,-0.000100289,0.34496,0.0503478,0
9.756160250,0.247153,-0.000100289,0.34496,0.0503441,0
9.776172097,0.24723,-5.7171e-06,0.344797,0.0503368,0
9.796138239,0.247077,-0.000100227,0.34498,0.0503298,0
9.816163007,0.247077,-0.000100227,0.34498,0.0503401,0
9.836115606,0.24677,8.92271e-05,0.345376,0.0503513,0
9.856154177,0.24677,8.92271e-05,0.345376,0.050317,0
9.876154808,0.246846,-0.000100089,0.345328,0.0503042,0
9.896154030,0.246846,-0.000384076,0.345396,0.0503012,0
9.916118867,0.246846,-0.000384076,0.345396,0.0502868,0
9.936152639,0.246616,8.92104e-05,0.345656,0.050309,0
9.956118161,0.246616,8.92104e-05,0.345656,0.0502936,0
9.976111521,0.247076,-0.000289712,0.345222,0.0503135,0
9.996172233,0.246923,-0.000100122,0.345241,0.0503195,0
10.016174718,0.246923,-0.000100122,0.345241,0.0503303,0
10.036141768,0.246846,-0.000100119,0.345289,0.0503331,0
10.056143673,0.246846,-0.000100119,0.345289,0.0503248,0
10.076152306,0.246846,8.92713e-05,0.345232,0.0503167,0
10.096151234,0.24677,-0.000100057,0.345376,0.0503418,0
10.116129232,0.24677,-0.000100057,0.345376,0.0503398,0
10.136132614,0.246692,-9.99886e-05,0.34557,0.0503219,0
10.156113440,0.246692,-9.99886e-05,0.34557,0.0503074,0
10.176096097,0.247153,8.93319e-05,0.345096,0.0503258,0
10.196115565,0.246847,-5.48952e-06,0.345047,0.050319,0
10.216139778,0.246847,-5.48952e-06,0.345047,0.050319,0
10.236117733,0.247,-0.000100195,0.345135,0.0503476,0
10.256117839,0.247,-0.000100195,0.345135,0.0503362,0
10.276133227,0.247,-5.4177e-06,0.345328,0.0503182,0
10.296156145,0.247153,-5.46914e-06,0.344931,0.0503148,0
10.316138819,0.247153,-5.46914e-06,0.344931,0.0503194,0
10.336135242,0.246923,-0.00010013,0.345309,0.0502866,0
10.356157563,0.246923,-0.00010013,0.345309,0.0502867,0
10.376132247,0.246693,-5.38229e-06,0.345502,0.0503035,0
10.396140129,0.246923,-0.000100144,0.345241,0.0503101,0
10.416150213,0.246923,-0.000100144,0.345241,0.0503011,0
10.436121489,0.246923,-0.000194825,0.345377,0.0502878,0
10.456129500,0.246923,-0.000194825,0.345377,0.0502951,0
10.476144130,0.246693,8.91756e-05,0.345376,0.0502783,0
10.496131173,0.246923,-0.000100144,0.345202,0.0502807,0
10.516173309,0.246923,-0.000100144,0.345202,0.0502815,0
10.536130208,0.246616,-5.37539e-06,0.345608,0.0502669,0
10.556131161,0.246616,-5.37539e-06,0.345608,0.0502764,0
10.576141327,0.24723,-0.000100417,0.344912,0.0502753,0
10.596138075,0.246846,-5.44111e-06,0.345357,0.0502743,0
10.616158540,0.246846,-5.44111e-06,0.345357,0.0502816,0
10.636142172,0.246846,-0.000194773,0.345415,0.050296,0
10.656143829,0.246846,-0.000194773,0.345415,0.0503295,0
10.676161306,0.247307,0.00018416,0.344854,0.0503164,0
10.696154658,0.247153,-5.52498e-06,0.344873,0.0502919,0
10.716133497,0.247153,-5.52498e-06,0.344873,0.0503031,0
10.736133480,0.247,-5.43846e-06,0.345154,0.0503062,0
10.756142006,0.247,-5.43846e-06,0.345154,0.0502923,0
10.776156795,0.246846,-0.000194729,0.345376,0.0503196,0
10.796151601,0.246846,-5.46229e-06,0.345289,0.0503391,0
10.816134331,0.246846,-5.46229e-06,0.345289,0.0503544,0
10.836112432,0.247,-0.000100144,0.345241,0.0503483,0
10.856137422,0.247,-0.000100144,0.345241,0.0503313,0
10.876134220,0.247077,0.000184021,0.344999,0.0503222,0
10.896122306,0.24723,8.92688e-05,0.344786,0.0503152,0
10.916116286,0.24723,8.92688e-05,0.344786,0.0503064,0
10.936182171,0.247,-5.42506e-06,0.345328,0.0503078,0
10.956123032,0.247,-5.42506e-06,0.345328,0.0503132,0
10.976126763,0.246923,-5.4575e-06,0.345241,0.0502993,0
10.996212829,0.24723,-0.000100319,0.34496,0.050323,0
11.016130649,0.24723,-0.000100319,0.34496,0.0502982,0
11.036155424,0.246846,0.000183958,0.34527,0.0502869,0
11.056151744,0.246846,0.000183958,0.34527,0.0502912,0
11.076136310,0.24723,-5.52499e-06,0.344873,0.0503116,0
11.096153786,0.247,-0.000194918,0.345135,0.0502857,0
11.116145595,0.247,-0.000194918,0.345135,0.0502957,0
11.136167660,0.247,-5.46787e-06,0.345154,0.0502896,0
11.156150364,0.247,-5.46787e-06,0.345154,0.0502843,0
11.176154516,0.247077,8.92632e-05,0.345047,0.0502716,0
11.196135205,0.246923,0.000183965,0.345415,0.0502555,0
11.216159902,0.246923,0.000183965,0.345415,0.0502658,0
11.236115191,0.246846,8.92104e-05,0.345222,0.0502724,0
11.256159146,0.246846,8.92104e-05,0.345222,0.0502664,0
11.276167892,0.247383,-5.55093e-06,0.344601,0.0502753,0
11.296154119,0.24723,-0.000100296,0.344999,0.0502886,0
11.316154647,0.24723,-0.000100296,0.344999,0.0503094,0
11.336140384,0.247,-5.45014e-06,0.345241,0.0503276,0
11.356152321,0.247,-5.45014e-06,0.345241,0.050319,0
11.376141605,0.246769,-0.000100069,0.345502,0.0503025,0
11.396128820,0.247,-5.5332e-06,0.344941,0.0503032,0
11.416171772,0.247,-5.5332e-06,0.344941,0.0503273,0
11.436150521,0.24677,-5.41474e-06,0.34527,0.0503091,0
11.456129993,0.24677,-5.41474e-06,0.34527,0.0502845,0
11.476139322,0.246769,8.92535e-05,0.345434,0.0502923,0
11.496120841,0.247,-5.47177e-06,0.345135,0.0502874,0
11.516125226,0.247,-5.47177e-06,0.345135,0.0503093,0
11.536135752,0.247077,8.92809e-05,0.345135,0.0503355,0
11.556143437,0.247077,8.92809e-05,0.345135,0.0503593,0
11.576153014,0.246846,-0.000194747,0.345396,0.0503837,0
11.596146044,0.247,-0.000100165,0.345067,0.0503681,0
11.616171457,0.247,-0.000100165,0.345067,0.0503512,0
11.636134070,0.246923,-5.50418e-06,0.345192,0.0503528,0
11.656117930,0.246923,-5.50418e-06,0.345192,0.0503491,0
11.676149509,0.247077,-0.000100261,0.345028,0.050345,0
11.696157357,0.247,8.92701e-05,0.345154,0.0503328,0
11.716117519,0.247,8.92701e-05,0.345154,0.0503143,0
11.736114173,0.24723,8.92606e-05,0.344854,0.0503115,0
11.756132357,0.24723,8.92606e-05,0.344854,0.0503169,0
11.776118290,0.246847,-5.46532e-06,0.345202,0.0502792,0
11.796153308,0.247077,-0.000100246,0.345067,0.0502856,0
11.816137179,0.247077,-0.000100246,0.345067,0.0503141,0
11.836154452,0.246539,-0.000194476,0.345569,0.0503042,0
11.856156150,0.246539,-0.000194476,0.345569,0.0503043,0
11.876138681,0.246923,-5.45405e-06,0.345222,0.0503095,0
11.896157707,0.246923,-0.000289536,0.345222,0.0502893,0
11.916140960,0.246923,-0.000289536,0.345222,0.0502898,0
11.936146557,0.246847,-5.47267e-06,0.345202,0.0502901,0
11.956148455,0.246847,-5.47267e-06,0.345202,0.0502734,0
11.976115164,0.247077,-5.48951e-06,0.345047,0.0502796,0
11.996150884,0.247153,8.92606e-05,0.344854,0.050269,0
12.016114704,0.247153,8.92606e-05,0.344854,0.0502873,0
12.036120353,0.246923,-5.51077e-06,0.345232,0.0502883,0
12.056158769,0.246923,-5.51077e-06,0.345232,0.0502718,0
12.076131369,0.24677,0.000278473,0.34526,0.0502829,0
12.096155601,0.247,-5.37059e-06,0.34527,0.050286,0
12.116131315,0.247,-5.37059e-06,0.34527,0.0502861,0
12.136131469,0.247383,8.93352e-05,0.344535,0.0503208,0
12.156191697,0.247383,8.93352e-05,0.344535,0.0502945,0
12.176152908,0.247077,-5.50724e-06,0.34496,0.0502855,0
12.196161278,0.247,-0.000100234,0.344941,0.0502892,0
12.216156708,0.247,-0.000100234,0.344941,0.050297,0
12.236150275,0.247153,-5.47566e-06,0.34526,0.0503055,0
12.256124348,0.247153,-5.47566e-06,0.34526,0.0503205,0
12.276149799,0.247077,-0.000100255,0.344912,0.0503205,0
12.296171978,0.247077,0.000184028,0.345105,0.0503207,0
12.316177482,0.247077,0.000184028,0.345105,0.0503268,0
12.336115903,0.24746,-0.000100478,0.344612,0.0503352,0
12.356119558,0.24746,-0.000100478,0.344612,0.0503229,0
12.376159306,0.246923,-0.000194824,0.345309,0.0503165,0
12.396132706,0.247077,8.92809e-05,0.345135,0.0503224,0
12.416125615,0.247077,8.92809e-05,0.345135,0.0503031,0
12.436151176,0.247153,-0.000100254,0.345134,0.0503031,0
12.456128573,0.247153,-0.000100254,0.345134,0.0502589,0
12.476122745,0.246846,8.92644e-05,0.345415,0.0502631,0
12.496124890,0.246769,8.91829e-05,0.345521,0.05026,0
12.516180019,0.246769,8.91829e-05,0.345521,0.05026,0
12.536141520,0.246923,-0.000100087,0.345521,0.0502501,0
12.556143418,0.246923,-0.000100087,0.345521,0.0502612,0
12.576182835,0.246692,-9.99599e-05,0.345637,0.0502745,0
12.596135335,0.246461,8.92152e-05,0.345898,0.0502891,0
12.616115898,0.246461,8.92152e-05,0.345898,0.0502715,0
12.636149878,0.246923,8.92433e-05,0.345202,0.0502847,0
12.656116958,0.246923,8.92433e-05,0.345202,0.0502949,0
12.676120420,0.247077,-5.48951e-06,0.345047,0.0503054,0
12.696138994,0.246693,-5.41863e-06,0.345395,0.0502846,0
12.716146508,0.246693,-5.41863e-06,0.345395,0.0502897,0
12.736114248,0.247077,-0.000100246,0.345173,0.050318,0
12.756121095,0.247077,-0.000100246,0.345173,0.0503081,0
12.776140474,0.247307,-0.000100385,0.344999,0.0503004,0
12.796134393,0.246846,-0.000100119,0.345289,0.0503209,0
12.816118034,0.246846,-0.000100119,0.345289,0.0503176,0
12.836133286,0.247,0.00018401,0.345309,0.0503089,0
12.856154377,0.247,0.00018401,0.345309,0.0502885,0
12.876153296,0.247077,-5.58081e-06,0.344816,0.0502835,0
12.896140612,0.246923,0.000183898,0.345047,0.0502805,0
12.916133614,0.246923,0.000183898,0.345047,0.0503181,0
12.936121060,0.246846,-0.00019471,0.345434,0.050319,0
12.956135853,0.246846,-0.00019471,0.345434,0.0503045,0
12.976127617,0.247,-0.000100195,0.345135,0.0503009,0
12.996117873,0.24723,-5.5181e-06,0.344835,0.0503015,0
13.016125794,0.24723,-5.5181e-06,0.344835,0.0503096,0
13.036147520,0.24723,-5.40868e-06,0.344903,0.0503005,0
13.056137196,0.24723,-5.40868e-06,0.344903,0.0503222,0
13.076162709,0.247153,8.93103e-05,0.345134,0.0503229,0
13.096118904,0.247,-0.000194947,0.345067,0.050311,0
13.116154401,0.247,-0.000194947,0.345067,0.0502975,0
13.136156671,0.247,-0.000194889,0.345241,0.0502935,0
13.156119763,0.247,-0.000194889,0.345241,0.0502578,0
13.176129746,0.247,-0.000100169,0.34526,0.0502883,0
13.196111494,0.247,8.93046e-05,0.345396,0.0502785,0
13.216128630,0.247,8.93046e-05,0.345396,0.0502872,0
13.236100076,0.247,-0.000100104,0.345366,0.050289,0
13.256153310,0.247,-0.000100104,0.345366,0.0502945,0
13.276118270,0.247,-0.000100154,0.345154,0.05032,0
13.296141769,0.247077,-0.000195013,0.34496,0.0503001,0
13.316130855,0.247077,-0.000195013,0.34496,0.0502998,0
13.336120281,0.247076,-0.0001002,0.345328,0.0503053,0
13.356121404,0.247076,-0.0001002,0.345328,0.0502798,0
13.376121012,0.246847,-5.46099e-06,0.345115,0.0502794,0
13.396170744,0.247077,-0.000100225,0.345202,0.0502815,0
13.416157119,0.247077,-0.000100225,0.345202,0.0503084,0
13.436119710,0.247,-5.52585e-06,0.344941,0.0502975,0
13.456133236,0.247,-5.52585e-06,0.344941,0.0503055,0
13.476118437,0.247,-5.49728e-06,0.345154,0.0503133,0
13.496213669,0.247077,8.93094e-05,0.345202,0.0503404,0
13.516126452,0.247077,8.93094e-05,0.345202,0.050342,0
13.536112700,0.246923,-5.43632e-06,0.345309,0.050329,0
13.556173132,0.246923,-5.43632e-06,0.345309,0.0503188,0
13.576145122,0.247077,-0.000195031,0.34498,0.0503129,0
13.596124788,0.247,-5.45404e-06,0.345222,0.0503046,0
13.616131289,0.247,-5.45404e-06,0.345222,0.0503145,0
13.636139983,0.247077,-5.5643e-06,0.344825,0.0503156,0
13.656122763,0.247077,-5.5643e-06,0.344825,0.0503239,0
13.676138145,0.247153,8.92831e-05,0.344892,0.050299,0
13.696112441,0.246923,-0.000194858,0.345357,0.0503016,0
13.716129887,0.246923,-0.000194858,0.345357,0.0503172,0
13.736126950,0.246769,8.92516e-05,0.34557,0.0503143,0
13.756157712,0.246769,8.92516e-05,0.34557,0.0503102,0
13.776201110,0.246846,-5.4225e-06,0.345376,0.0503206,0
13.796133069,0.246923,-5.45014e-06,0.345241,0.0503139,0
13.816130493,0.246923,-5.45014e-06,0.345241,0.050312,0
13.836120323,0.247383,-0.000100332,0.344824,0.0502985,0
13.856115640,0.247383,-0.000100332,0.344824,0.0502984,0
13.876155946,0.247766,-5.62771e-06,0.344513,0.0502921,0
13.896150233,0.248072,-0.000291044,0.344307,0.050331,0
13.916121258,0.248072,-0.000291044,0.344307,0.0502737,0
13.936115555,0.248454,-5.45698e-06,0.343907,0.050219,0
13.956155318,0.248454,-5.45698e-06,0.343907,0.0502169,0
13.976152821,0.249519,-0.000102294,0.342927,0.0502331,0
13.996152497,0.250199,0.000283262,0.342392,0.0502246,0
14.016177749,0.250199,0.000283262,0.342392,0.0502455,0
14.036132112,0.251787,-3.66e-06,0.341215,0.0502101,0
14.056128249,0.251787,-3.66e-06,0.341215,0.0501738,0
14.076158233,0.252685,-0.000104539,0.340212,0.0502174,0
14.096150935,0.253954,0.000189641,0.339258,0.0502228,0
14.116129968,0.253954,0.000189641,0.339258,0.0502476,0
14.136168559,0.255586,-1.07242e-05,0.337824,0.0502227,0
14.156154724,0.255586,-1.07242e-05,0.337824,0.0502493,0
14.176141485,0.257366,9.48281e-05,0.336543,0.050303,0
14.196192672,0.258082,-0.000110093,0.33559,0.0502349,0
14.216159451,0.258082,-0.000110093,0.33559,0.0502979,0
14.236128802,0.259619,9.32788e-05,0.33433,0.050326,0
14.256130065,0.259619,9.32788e-05,0.33433,0.050339,0
14.276167363,0.261132,-1.73602e-05,0.332854,0.0503435,0
14.296177772,0.262913,9.59558e-05,0.330926,0.0502973,0
14.316154574,0.262913,9.59558e-05,0.330926,0.0502971,0
14.336153351,0.264054,7.70627e-05,0.330162,0.0502645,0
14.356138513,0.264054,7.70627e-05,0.330162,0.0503662,0
14.376133150,0.265666,-1.10206e-05,0.328375,0.0503662,0
14.396154046,0.26784,-3.17003e-05,0.325865,0.0503102,0
14.416141573,0.26784,-3.17003e-05,0.325865,0.0502713,0
14.436128602,0.269436,-2.43071e-05,0.324382,0.0502858,0
14.456156527,0.269436,-2.43071e-05,0.324382,0.0503311,0
14.476127530,0.270319,-0.000129342,0.323673,0.0503343,0
14.496142524,0.271143,-0.000138531,0.322835,0.0503343,0
14.516158513,0.271143,-0.000138531,0.322835,0.0502939,0
14.536172614,0.274312,-3.43073e-05,0.318923,0.0502952,0
14.556125849,0.274312,-3.43073e-05,0.318923,0.0502106,0
14.576155198,0.276255,7.58338e-05,0.316898,0.0502303,0
14.596135969,0.276928,0.000294222,0.316394,0.0503369,0
14.616144131,0.276928,0.000294222,0.316394,0.0503911,0
14.636129935,0.278348,-5.28582e-05,0.314575,0.0504066,0
14.656131933,0.278348,-5.28582e-05,0.314575,0.0504399,0
14.676139127,0.280074,-3.01204e-05,0.312227,0.0503329,0
14.696121528,0.280911,-0.000142394,0.311359,0.0503899,0
14.716173093,0.280911,-0.000142394,0.311359,0.0504169,0
14.736135867,0.281557,-3.50887e-05,0.310558,0.050403,0
14.756133440,0.281557,-3.50887e-05,0.310558,0.0502831,0
14.776120360,0.282587,-4.00278e-05,0.309486,0.0502384,0
14.796131629,0.283414,-0.00025399,0.308376,0.0503086,0
14.816116614,0.283414,-0.00025399,0.308376,0.0503348,0
14.836170472,0.284072,-0.000255188,0.307303,0.0503546,0
14.856129512,0.284072,-0.000255188,0.307303,0.0503619,0
14.876131418,0.284531,-4.17631e-05,0.306899,0.0502812,0
14.896130462,0.284766,-4.60424e-05,0.306445,0.0502812,0
14.916138823,0.284766,-4.60424e-05,0.306445,0.050297,0
14.936140785,0.285307,-5.88055e-05,0.305522,0.0502653,0
14.956116185,0.285307,-5.88055e-05,0.305522,0.0502435,0
14.976148516,0.286083,-5.51588e-05,0.304633,0.0502551,0
14.996133567,0.286421,7.09412e-05,0.303925,0.0503065,0
15.016145140,0.286421,7.09412e-05,0.303925,0.050334,0
15.036118550,0.286922,-3.49087e-05,0.303212,0.0502595,0
15.056156820,0.286922,-3.49087e-05,0.303212,0.0502394,0
15.076126644,0.286996,-5.18128e-05,0.303253,0.0502918,0
15.096121053,0.287494,-6.48125e-05,0.302576,0.0502894,0
15.116159866,0.287494,-6.48125e-05,0.302576,0.0502609,0
15.136122919,0.28748,-0.000488928,0.30249,0.0502155,0
15.156150561,0.28748,-0.000488928,0.30249,0.0502324,0
15.176118875,0.287615,-6.51008e-05,0.302428,0.0502666,0
15.196154310,0.287796,-0.000150105,0.302139,0.0502559,0
15.216130783,0.287796,-0.000150105,0.302139,0.0502439,0
15.236129234,0.288051,5.80297e-05,0.301775,0.0502294,0
15.256115782,0.288051,5.80297e-05,0.301775,0.0502342,0
15.276174912,0.288396,-0.000150623,0.30115,0.0502401,0
15.296160386,0.288396,-0.000150623,0.30115,0.0502606,0
15.316120201,0.288396,-0.000150623,0.30115,0.0502217,0
15.336119973,0.288501,-0.00028254,0.30082,0.0502469,0
15.356174245,0.288501,-0.00028254,0.30082,0.0502635,0
15.376116785,0.28865,0.000189857,0.300804,0.0502609,0
15.396145455,0.288665,7.05763e-05,0.300445,0.0502461,0
15.416174363,0.288665,7.05763e-05,0.300445,0.050254,0
15.436130850,0.288859,-0.000287439,0.300259,0.0502513,0
15.456122818,0.288859,-0.000287439,0.300259,0.0502715,0
15.476151610,0.288665,-3.58082e-05,0.300908,0.0502606,0
15.496132471,0.288904,-0.000176464,0.300477,0.0502792,0
15.516139499,0.288904,-0.000176464,0.300477,0.0502983,0
15.536124313,0.288903,-5.3167e-05,0.30009,0.0502714,0
15.556158059,0.288903,-5.3167e-05,0.30009,0.0502468,0
15.576133995,0.288964,-5.73097e-05,0.300412,0.0502463,0
15.596142192,0.289097,6.63535e-05,0.299808,0.0502484,0
15.616139666,0.289097,6.63535e-05,0.299808,0.0502478,0
15.636154750,0.289186,0.00015601,0.299876,0.0502502,0
15.656130890,0.289186,0.00015601,0.299876,0.0502698,0
15.676132333,0.289008,0.000249293,0.300262,0.0502764,0
15.696156269,0.2892,3.17473e-05,0.299612,0.0502317,0
15.716131481,0.2892,3.17473e-05,0.299612,0.0502167,0
15.736139497,0.289156,-0.000279294,0.299763,0.0502156,0
15.756153792,0.289156,-0.000279294,0.299763,0.0502577,0
15.776141725,0.289097,-0.000279091,0.299827,0.0502717,0
15.796149026,0.289231,-6.18724e-05,0.299764,0.0502611,1
15.816146576,0.289231,-6.18724e-05,0.299764,0.0502721,1
15.836143519,0.289261,-0.000164193,0.299934,0.0502901,1
15.856115247,0.289261,-0.000164193,0.299934,0.0503017,1
15.876159633,0.289112,-0.000270661,0.299951,0.0502952,1
15.896131637,0.289112,-0.000159788,0.299951,0.0502867,1
15.916131526,0.289112,-0.000159788,0.299951,0.0502516,1
15.936120027,0.289334,-4.88563e-05,0.299395,0.0502751,1
15.956133734,0.289334,-4.88563e-05,0.299395,0.0502915,1
15.976150675,0.289231,-0.000164156,0.299745,0.0502952,1
15.996156801,0.289246,7.48887e-05,0.299792,0.0502955,1
16.016150215,0.289246,7.48887e-05,0.299792,0.0503131,1
16.036124618,0.289261,-6.16128e-05,0.299877,0.0502912,1
16.056123824,0.289261,-6.16128e-05,0.299877,0.0502716,1
16.076172780,0.289452,5.76042e-05,0.299265,0.0502381,1
16.096123860,0.289141,-5.74633e-05,0.299658,0.0502326,1
16.116158362,0.289141,-5.74633e-05,0.299658,0.050244,1
16.136141622,0.289362,-0.00015156,0.299217,0.0502659,1
16.156173523,0.289362,-0.00015156,0.299217,0.0502675,1
16.176149235,0.289347,-0.000160534,0.299266,0.0502887,1
16.196119828,0.289285,-4.11852e-05,0.29904,0.0502528,1
16.216157441,0.289285,-4.11852e-05,0.29904,0.0502643,1
16.236132384,0.289372,-5.92181e-05,0.298778,0.050276,1
16.256154411,0.289372,-5.92181e-05,0.298778,0.0502854,1
16.276141093,0.289337,5.57443e-05,0.298259,0.0502637,1
16.296131473,0.289327,8.21992e-05,0.297544,0.0503091,1
16.316130842,0.289327,8.21992e-05,0.297544,0.0502889,1
16.336162523,0.289473,4.48536e-05,0.296492,0.0503087,1
16.356138561,0.289473,4.48536e-05,0.296492,0.0503139,1
16.376159612,0.289282,-3.85417e-05,0.296793,0.0503298,1
16.396130499,0.28944,6.69856e-05,0.295884,0.0503184,1
16.416153290,0.28944,6.69856e-05,0.295884,0.0503097,1
16.436141119,0.289488,-5.9162e-05,0.295587,0.0502462,1
16.456131750,0.289488,-5.9162e-05,0.295587,0.0502706,1
16.476149680,0.28941,-5.50069e-05,0.294996,0.0502736,1
16.496141064,0.289439,-5.04034e-05,0.294442,0.0503032,1
16.516140607,0.289439,-5.04034e-05,0.294442,0.0503089,1
16.536189277,0.289621,4.99682e-05,0.293608,0.0502681,1
16.556154292,0.289621,4.99682e-05,0.293608,0.0502883,1
16.576154245,0.289483,0.000149801,0.292803,0.0503118,1
16.596144453,0.289414,-6.289e-05,0.292337,0.0502665,1
16.616128802,0.289414,-6.289e-05,0.292337,0.0502474,1
16.636152619,0.289434,-5.81295e-05,0.292199,0.0502687,1
16.656144440,0.289434,-5.81295e-05,0.292199,0.0502692,1
16.676131317,0.289812,-5.88609e-05,0.29083,0.0502969,1
16.696156106,0.289793,-4.34644e-05,0.290223,0.0503155,1
16.716121490,0.289793,-4.34644e-05,0.290223,0.0503302,1
16.736117368,0.289551,-7.63026e-05,0.289993,0.0503378,1
16.756144849,0.289551,-7.63026e-05,0.289993,0.0503535,1
16.776148520,0.289694,-0.000272129,0.289134,0.0503041,1
16.796188910,0.28956,1.66262e-05,0.288602,0.0503031,1
16.816130586,0.28956,1.66262e-05,0.288602,0.0502776,1
16.836113772,0.289592,-6.19204e-05,0.288269,0.0503399,1
16.856141558,0.289592,-6.19204e-05,0.288269,0.0503412,1
16.876116419,0.289654,-0.000273432,0.287355,0.0503071,1
16.896171001,0.289684,-7.46631e-05,0.286984,0.0503337,1
16.916174877,0.289684,-7.46631e-05,0.286984,0.0503305,1
16.936154779,0.289632,2.42793e-05,0.28622,0.0503372,1
16.956179189,0.289632,2.42793e-05,0.28622,0.0503225,1
16.976140265,0.289659,-0.000321753,0.285907,0.0502814,1
16.996126755,0.289623,-8.90682e-05,0.285363,0.0503035,1
17.016201261,0.289623,-8.90682e-05,0.285363,0.0503039,1
17.036123398,0.289619,-6.57726e-05,0.284497,0.0503248,1
17.056121855,0.289619,-6.57726e-05,0.284497,0.0503408,1
17.076144227,0.289675,-6.01071e-05,0.283844,0.0503453,1
17.096143845,0.289675,-7.91514e-05,0.282805,0.0503473,1
17.116190907,0.289675,-7.91514e-05,0.282805,0.0503664,1
17.136142012,0.289695,-0.000203352,0.282455,0.0503684,1
17.156142773,0.289695,-0.000203352,0.282455,0.0503392,1
17.176132664,0.289587,0.000135284,0.28221,0.0503451,1
17.196143695,0.289644,-7.49786e-05,0.281347,0.0503306,1
17.216155468,0.289644,-7.49786e-05,0.281347,0.0503023,1
17.236106363,0.289534,-7.57079e-05,0.28114,0.0503041,1
17.256123325,0.289534,-7.57079e-05,0.28114,0.050275,1
17.276105189,0.289691,-3.79703e-05,0.280109,0.0503397,1
17.296180640,0.289711,-0.000175356,0.279491,0.0503317,1
17.316138090,0.289711,-0.000175356,0.279491,0.0502906,1
17.336141608,0.289495,2.69348e-05,0.279378,0.0502996,1
17.356141076,0.289495,2.69348e-05,0.279378,0.0503027,1
17.376169848,0.289518,1.29688e-05,0.278472,0.0502892,1
17.396166105,0.289606,1.18082e-05,0.277893,0.0489725,1
17.416135208,0.289606,1.18082e-05,0.277893,0.0458406,1
17.436124348,0.289434,-8.6435e-05,0.278004,0.0415568,1
17.456122759,0.289434,-8.6435e-05,0.278004,0.0383144,1
17.476138891,0.289714,-0.000198266,0.277473,0.0360382,1
17.496155034,0.28953,0.000147684,0.276771,0.0281837,1
17.516133979,0.28953,0.000147684,0.276771,0.0243725,1
17.536185411,0.289611,0.000362198,0.276155,0.0206034,1
17.556134252,0.289611,0.000362198,0.276155,0.0125282,1
17.576117189,0.289608,0.000146302,0.276423,0.00311668,1
17.596160072,0.289686,-8.32709e-05,0.275961,-0.000190274,1
17.616143819,0.289686,-8.32709e-05,0.275961,-0.00260767,1
17.636140206,0.289717,4.85353e-05,0.275141,-0.00608012,1
17.656125289,0.289717,4.85353e-05,0.275141,-0.00961811,1
17.676116642,0.289938,4.82192e-05,0.274982,-0.00961811,1
17.696148927,0.289839,0.000144508,0.274786,-0.014662,1
17.716118311,0.289839,0.000144508,0.274786,-0.0191418,1
17.736153917,0.289861,0.000247372,0.27437,-0.0238825,1
17.756175826,0.289861,0.000247372,0.27437,-0.0349662,1
17.776169442,0.289765,-0.000182779,0.273542,-0.0395098,1
17.796140295,0.289736,-4.24373e-05,0.273422,-0.0464926,1
17.816176172,0.289736,-4.24373e-05,0.273422,-0.0514852,1
17.836116547,0.289852,-6.55543e-05,0.272494,-0.0566647,1
17.856136730,0.289852,-6.55543e-05,0.272494,-0.0601827,1
17.876155883,0.289874,-0.000288014,0.27206,-0.0679358,1
17.896122723,0.289842,-6.6267e-05,0.271978,-0.0747695,1
17.916122512,0.289842,-6.6267e-05,0.271978,-0.0794273,1
17.936151641,0.289854,0.000347003,0.270876,-0.0861504,1
17.956107114,0.289854,0.000347003,0.270876,-0.098778,1
17.976133277,0.289671,-6.72964e-05,0.270494,-0.105465,1
17.996148182,0.289618,-0.000194137,0.270407,-0.109402,1
18.016167402,0.289618,-0.000194137,0.270407,-0.113492,1
18.036174782,0.28941,-0.000202724,0.270288,-0.119758,1
18.056153644,0.28941,-0.000202724,0.270288,-0.124002,1
18.076157089,0.289223,0.000145245,0.269945,-0.128646,1
18.096140997,0.289104,4.15732e-05,0.269354,-0.135903,1
18.116137632,0.289104,4.15732e-05,0.269354,-0.140127,1
18.136120831,0.289363,-0.000442673,0.268652,-0.133788,1
18.156139091,0.289363,-0.000442673,0.268652,-0.101605,1
18.176197665,0.289031,8.88695e-05,0.264119,-0.079319,1
18.196155945,0.289394,-5.49875e-05,0.25884,-0.0592745,1
18.216119436,0.289394,-5.49875e-05,0.25884,-0.0592745,1
18.236154893,0.289546,-0.000198386,0.257305,-0.0254985,1
18.256127563,0.289546,-0.000198386,0.257305,-0.00987585,1
18.276139695,0.289664,-0.000372685,0.257275,0.00790573,1
18.296159748,0.289243,-0.000261389,0.257441,0.0130683,1
18.316142619,0.289243,-0.000261389,0.257441,0.0154471,1
18.336118906,0.289178,0.00022722,0.256655,0.0254683,1
18.356138644,0.289178,0.00022722,0.256655,0.0319498,1
18.376135312,0.288986,-2.35141e-05,0.25655,0.0375041,1
18.396119485,0.289104,-0.000200969,0.256596,0.0371942,1
18.416116578,0.289104,-0.000200969,0.256596,0.0311595,1
18.436105480,0.289436,-6.56658e-05,0.256222,0.0268409,1
18.456166342,0.289436,-6.56658e-05,0.256222,0.0236551,1
18.476127246,0.289436,-0.000185656,0.255338,0.0235117,1
18.496169167,0.289365,-8.37699e-05,0.255649,0.0239718,1
18.516156797,0.289365,-8.37699e-05,0.255649,0.0223549,1
18.536117058,0.289358,-0.000143351,0.255299,0.0217397,1
18.556183227,0.289358,-0.000143351,0.255299,0.0233957,1
18.576136558,0.289342,-0.000119394,0.254599,0.0266706,1
18.596135466,0.289499,3.43097e-05,0.254733,0.0249409,1
18.616157579,0.289499,3.43097e-05,0.254733,0.0249409,1
18.636155556,0.289397,-0.000196554,0.254011,0.0194841,1
18.656176226,0.289397,-0.000196554,0.254011,0.0183106,1
18.676120476,0.289418,5.13242e-05,0.253248,0.0181361,1
18.696150355,0.289571,-0.000282117,0.252543,0.0185911,1
18.716173047,0.289571,-0.000282117,0.252543,0.0187473,1
18.736154035,0.289372,-0.000318192,0.252442,0.0188989,1
18.756137589,0.289372,-0.000318192,0.252442,0.0186659,1
18.776156941,0.289418,5.9384e-05,0.251664,0.017681,1
18.796150305,0.289354,-0.000115718,0.251774,0.0165829,1
18.816170864,0.289354,-0.000115718,0.251774,0.0153876,1
18.836136677,0.289705,-0.000199853,0.250458,0.0150482,1
18.856153548,0.289705,-0.000199853,0.250458,0.0153763,1
18.876176027,0.289591,-0.000126199,0.249988,0.0160527,1
18.896151887,0.289364,0.000169197,0.24961,0.0161748,1
18.916138712,0.289364,0.000169197,0.24961,0.0161818,1
18.936141526,0.289214,-0.000173277,0.249025,0.015913,1
18.956153464,0.289214,-0.000173277,0.249025,0.0155664,1
18.976153424,0.289493,-3.45334e-05,0.248379,0.0150747,1
18.996146026,0.289367,5.7427e-05,0.248133,0.0143179,1
19.016151561,0.289367,5.7427e-05,0.248133,0.014047,1
19.036151592,0.289448,-0.000351866,0.246911,0.0141398,1
19.056177822,0.289448,-0.000351866,0.246911,0.0143531,1
19.076159051,0.289464,-5.42245e-05,0.246577,0.014495,1
19.096122408,0.28944,0.000119556,0.24627,0.0146899,1
19.116155034,0.28944,0.000119556,0.24627,0.0145523,1
19.136136673,0.289537,2.72357e-05,0.245549,0.0142077,1
19.156119340,0.289537,2.72357e-05,0.245549,0.0137526,1
19.176118922,0.289409,2.67763e-05,0.245028,0.0133327,1
19.196138170,0.289505,0.000186216,0.24407,0.0130155,1
19.216150631,0.289505,0.000186216,0.24407,0.0129253,1
19.236131664,0.289474,-9.49416e-05,0.244003,0.0128941,1
19.256137911,0.289474,-9.49416e-05,0.244003,0.0129846,1
19.276162864,0.289354,-0.000248246,0.242799,0.0130406,1
19.296156856,0.289433,4.48093e-05,0.242365,0.0130867,1
19.316157807,0.289433,4.48093e-05,0.242365,0.0129627,1
19.336148915,0.289479,4.44888e-05,0.241692,0.0128252,1
19.356138469,0.289479,4.44888e-05,0.241692,0.0126845,1
19.376151881,0.289448,-7.69215e-05,0.241265,0.0124802,1
19.396154943,0.289491,-0.000107543,0.240555,0.0120565,1
19.416122095,0.289491,-0.000107543,0.240555,0.0117101,1
19.436154919,0.289276,-0.000329795,0.240408,0.0114745,1
19.456126255,0.289276,-0.000329795,0.240408,0.0113343,1
19.476120585,0.289388,-0.000279641,0.239247,0.0109435,1
19.496144960,0.289388,1.21223e-05,0.239201,0.010758,1
19.516160164,0.289388,1.21223e-05,0.239201,0.0105654,1
19.536110281,0.289638,1.19937e-06,0.238148,0.0102767,1
19.556120234,0.289638,1.19937e-06,0.238148,0.0100354,1
19.576134139,0.289491,2.13284e-05,0.237674,0.00964518,1
19.596180628,0.289268,-0.000221831,0.236773,0.00965289,1
19.616159779,0.289268,-0.000221831,0.236773,0.00941753,1
19.636155203,0.28944,-0.000111485,0.23607,0.00935948,1
19.656144094,0.28944,-0.000111485,0.23607,0.00962938,1
19.676154390,0.289465,-0.000233702,0.23546,0.00983874,1
19.696155904,0.289099,-0.000292025,0.235269,0.0100323,1
19.716157483,0.289099,-0.000292025,0.235269,0.00984555,1
19.736144937,0.289616,-2.39189e-06,0.234091,0.00985573,1
19.756132883,0.289616,-2.39189e-06,0.234091,0.00976369,1
19.776159857,0.289647,-0.000303712,0.233846,0.00942537,1
19.796133696,0.289417,0.000150774,0.233405,0.00895545,1
19.816117025,0.289417,0.000150774,0.233405,0.00860887,1
19.836134518,0.289468,-0.00011473,0.232636,0.00805017,1
19.856120238,0.289468,-0.00011473,0.232636,0.00766132,1
19.876120517,0.289382,-7.19254e-05,0.232377,0.00754712,1
19.896106563,0.289396,-0.00030506,0.231656,0.00759595,1
19.916155074,0.289396,-0.00030506,0.231656,0.00745256,1
19.936137875,0.289446,-7.25877e-05,0.231143,0.0071014,1
19.956155341,0.289446,-7.25877e-05,0.231143,0.00671167,1
19.976151776,0.28945,-6.1929e-05,0.230302,0.00657677,1
19.996133200,0.28967,0.000259905,0.229611,0.00660548,1
20.016188703,0.28967,0.000259905,0.229611,0.00682161,1
20.036120434,0.289489,-0.000184438,0.229651,0.00700956,1
20.056123811,0.289489,-0.000184438,0.229651,0.00694209,1
20.076153315,0.289558,-9.61632e-05,0.22882,0.00705658,1
20.096132662,0.289592,-0.00016282,0.228093,0.00708877,1
20.116137035,0.289592,-0.00016282,0.228093,0.00715418,1
20.136156162,0.289829,0.00011363,0.227178,0.00710483,1
20.156151668,0.289829,0.00011363,0.227178,0.00712717,1
20.176148241,0.28967,2.24839e-06,0.226939,0.00716332,1
20.196142147,0.289794,-4.09793e-05,0.226736,0.00712856,1
20.216122020,0.289794,-4.09793e-05,0.226736,0.00702517,1
20.236148784,0.289692,6.98281e-05,0.225611,0.00670964,1
20.256140367,0.289692,6.98281e-05,0.225611,0.00643435,1
20.276131314,0.289766,-0.00028689,0.224598,0.00614046,1
20.296140669,0.289756,2.31302e-05,0.223863,0.00573946,1
20.316142961,0.289756,2.31302e-05,0.223863,0.00535639,1
20.336174008,0.289792,-7.69233e-05,0.222917,0.00531685,1
20.356139598,0.289792,-7.69233e-05,0.222917,0.00529833,1
20.376156264,0.289405,0.00017987,0.222729,0.00510979,1
20.396150036,0.28947,2.14836e-05,0.221187,0.00529484,1
20.416158358,0.28947,2.14836e-05,0.221187,0.00534981,1
20.436134401,0.289581,2.12836e-05,0.221422,0.00517884,1
20.456120152,0.289581,2.12836e-05,0.221422,0.00518328,1
20.476154454,0.289423,-4.27564e-05,0.220448,0.00516341,1
20.496122398,0.289668,0.00016724,0.219495,0.00533201,1
20.516154027,0.289668,0.00016724,0.219495,0.00546073,1
20.536136589,0.289613,-0.00015422,0.218945,0.00539493,1
20.556120329,0.289613,-0.00015422,0.218945,0.00548609,1
20.576129840,0.289389,0.000277662,0.218484,0.00601367,1
20.596140891,0.289431,-0.000253316,0.218197,0.00624951,1
20.616146308,0.289431,-0.000253316,0.218197,0.00606209,1
20.636135759,0.289542,-0.000277582,0.21786,0.00604298,1
20.656120219,0.289542,-0.000277582,0.21786,0.00600202,1
20.676131532,0.289471,-4.35418e-05,0.217495,0.00582104,1
20.696139139,0.289246,-0.000178695,0.217508,0.00569909,1
20.716156310,0.289246,-0.000178695,0.217508,0.00557938,1
20.736140930,0.289314,-6.78433e-05,0.216985,0.00547012,1
20.756152221,0.289314,-6.78433e-05,0.216985,0.00545756,1
20.776200345,0.289141,-0.000227528,0.216397,0.00553204,1
20.796148465,0.289253,-0.000191155,0.216437,0.00562698,1
20.816153704,0.289253,-0.000191155,0.216437,0.00559527,1
20.836148366,0.289374,-8.03872e-05,0.215765,0.00570837,1
20.856123707,0.289374,-8.03872e-05,0.215765,0.00584059,1
20.876156193,0.289288,-0.000352521,0.21564,0.00572808,1
20.896120025,0.289354,4.25789e-05,0.215156,0.00564765,1
20.916155553,0.289354,4.25789e-05,0.215156,0.00593217,1
20.936134302,0.289343,0.000165763,0.215376,0.00642133,1
20.956139804,0.289343,0.000165763,0.215376,0.00690232,1
20.976138633,0.289262,0.000153594,0.215744,0.00744413,1
20.996154950,0.289203,-0.000116834,0.215458,0.00788621,1
21.016179897,0.289203,-0.000116834,0.215458,0.00792344,1
21.036157655,0.289284,-8.05654e-05,0.215225,0.00775718,1
21.056149611,0.289284,-8.05654e-05,0.215225,0.00757017,1
21.076130537,0.289208,-0.000104878,0.214746,0.00744499,1
21.096129450,0.289138,-0.000129238,0.214816,0.00742777,1
21.116152370,0.289138,-0.000129238,0.214816,0.00749495,1
21.136129675,0.289375,0.000191396,0.214656,0.00761752,1
21.156122609,0.289375,0.000191396,0.214656,0.00784704,1
21.176121019,0.289219,7.88368e-05,0.214507,0.00813397,1
21.196173404,0.289321,-0.000326776,0.214786,0.00843087,1
21.216131436,0.289321,-0.000326776,0.214786,0.00886095,1
21.236114603,0.289332,-0.000167355,0.214604,0.00924562,1
21.256147614,0.289332,-0.000167355,0.214604,0.00955759,1
21.276174867,0.289288,-6.17767e-06,0.214456,0.00976309,1
21.296144047,0.289122,-0.000240109,0.214622,0.00984428,1
21.316139396,0.289122,-0.000240109,0.214622,0.0099933,1
21.336120214,0.289308,4.23056e-05,0.2139,0.0101883,1
21.356126882,0.289308,4.23056e-05,0.2139,0.0103239,1
21.376140861,0.289062,-0.000142946,0.214434,0.0104093,1
21.396139645,0.289062,-5.64058e-05,0.214395,0.010564,1
21.416148056,0.289062,-5.64058e-05,0.214395,0.0108662,1
21.436135403,0.289149,-9.29336e-05,0.214615,0.0109203,1
21.456139442,0.289149,-9.29336e-05,0.214615,0.0107521,1
21.476125622,0.289159,-0.00019163,0.21426,0.0106451,1
21.496126440,0.289255,-0.000327019,0.214183,0.0105472,1
21.516117209,0.289255,-0.000327019,0.214183,0.0103326,1
21.536134298,0.289212,-8.08754e-05,0.21415,0.0101926,1
21.556162714,0.289212,-8.08754e-05,0.21415,0.0101563,1
21.576132848,0.289159,-4.42856e-05,0.214318,0.0101543,1
21.596191624,0.289125,-0.000117341,0.213949,0.0102824,1
21.616150309,0.289125,-0.000117341,0.213949,0.0104088,1
21.636156254,0.289185,-0.000105036,0.214138,0.0104509,1
21.656139663,0.289185,-0.000105036,0.214138,0.0104728,1
21.676128357,0.289272,-9.2884e-05,0.2143,0.010517,1
21.696144125,0.289265,-0.000155298,0.213867,0.0105713,1
21.716141029,0.289265,-0.000155298,0.213867,0.0105688,1
21.736119004,0.289245,-0.000191615,0.214384,0.0105449,1
21.756143629,0.289245,-0.000191615,0.214384,0.0107635,1
21.776128995,0.289308,0.000153175,0.214015,0.0109037,1
21.796133565,0.289202,-8.07058e-05,0.214313,0.0108849,1
21.816114555,0.289202,-8.07058e-05,0.214313,0.0107912,1
21.836151899,0.289325,-0.000129551,0.21417,0.0107843,1
21.856132882,0.289325,-0.000129551,0.21417,0.010761,1
21.876128088,0.289185,-6.86467e-05,0.214215,0.0106559,1
21.896153986,0.289255,-3.06034e-05,0.214125,0.0105481,1
21.916155525,0.289255,-3.06034e-05,0.214125,0.0105114,1
21.936120410,0.289352,-8.08319e-05,0.214029,0.0105449,1
21.956141440,0.289352,-8.08319e-05,0.214029,0.010593,1
21.976153057,0.289255,-6.71907e-05,0.214164,0.0105769,1
21.996143107,0.289221,-9.30398e-05,0.213814,0.0106459,1
22.016174934,0.289221,-9.30398e-05,0.213814,0.0106498,1
22.036142275,0.289248,0.000140935,0.21373,0.0106227,1
22.056122342,0.289248,0.000140935,0.21373,0.0106511,1
22.076174562,0.289378,3.0141e-05,0.213906,0.0108006,1
22.096186465,0.289002,0.000153066,0.21413,0.011042,1
22.116138516,0.289002,0.000153066,0.21413,0.0114177,1
22.136135303,0.289169,-4.43387e-05,0.214002,0.0119505,1
22.156139353,0.289169,-4.43387e-05,0.214002,0.012092,1
22.176134164,0.289176,9.09778e-05,0.214473,0.0119272,1
22.196135227,0.289248,-9.30609e-05,0.213711,0.0118768,1
22.216165131,0.289248,-9.30609e-05,0.213711,0.0119529,1
22.236144879,0.289108,0.000140897,0.213736,0.0115753,1
22.256118868,0.289108,0.000140897,0.213736,0.011289,1
22.276154338,0.289187,-0.000290573,0.213446,0.011445,1
22.296156665,0.289055,-3.2192e-05,0.213943,0.0117598,1
22.316115712,0.289055,-3.2192e-05,0.213943,0.0117518,1
22.336177047,0.289134,5.43281e-05,0.213614,0.0120227,1
22.356115202,0.289134,5.43281e-05,0.213614,0.0127555,1
22.376124950,0.289125,-6.39111e-06,0.213911,0.0127556,1
22.396160053,0.289151,-9.29843e-05,0.213808,0.0125508,1
22.416167153,0.289151,-9.29843e-05,0.213808,0.012854,1
22.436136448,0.28923,0.000165248,0.213498,0.0130729,1
22.456121716,0.28923,0.000165248,0.213498,0.0128564,1
22.476147735,0.289169,-6.86823e-05,0.21404,0.0129432,1
22.496153286,0.289002,-0.000167279,0.21413,0.0142438,1
22.516132430,0.289002,-0.000167279,0.21413,0.0137188,1
22.536144232,0.289125,-3.21907e-05,0.213949,0.0141273,1
22.556121836,0.289125,-3.21907e-05,0.213949,0.0145611,1
22.576154118,0.289082,-0.000278272,0.213916,0.0145611,1
22.596120685,0.289038,-0.000105145,0.213768,0.0146432,1
22.616147091,0.289038,-0.000105145,0.213768,0.0146432,1
22.636116048,0.288995,-0.00010519,0.213716,0.0152571,1
22.656126259,0.288995,-0.00010519,0.213716,0.015335,1
22.676140148,0.289038,-0.000462027,0.213787,0.0158716,1
22.696118420,0.288881,-0.000352442,0.213676,0.016218,1
22.716175499,0.288881,-0.000352442,0.213676,0.0162261,1
22.736149074,0.288995,6.64278e-05,0.213754,0.0166782,1
22.756151144,0.288995,6.64278e-05,0.213754,0.0175404,1
22.776119954,0.288951,5.55667e-05,0.213663,0.0175404,1
22.796151763,0.288838,-0.000215981,0.213605,0.0179064,1
22.816155810,0.288838,-0.000215981,0.213605,0.0179418,1
22.836177125,0.28882,-0.000314588,0.213411,0.0189295,1
22.856131465,0.28882,-0.000314588,0.213411,0.0194833,1
22.876149679,0.288803,0.000116286,0.213218,0.0202996,1
22.896157135,0.288821,-7.97908e-06,0.21343,0.0233219,1
22.916155766,0.288821,-7.97908e-06,0.21343,0.0245098,1
22.936137015,0.288986,-5.66327e-05,0.213225,0.0258834,1
22.956157926,0.288986,-5.66327e-05,0.213225,0.0269943,1
22.976135135,0.288872,-0.000338826,0.213935,0.0280398,1
22.996141007,0.288925,5.61773e-06,0.213748,0.0290665,1
23.016144188,0.288925,5.61773e-06,0.213748,0.0310161,1
23.036139775,0.288986,-9.30745e-05,0.213225,0.0322399,1
23.056089245,0.288986,-9.30745e-05,0.213225,0.03294,1
23.076107199,0.289004,0.00021509,0.213438,0.0339568,1
23.096145801,0.28896,-9.30535e-05,0.213328,0.0348731,1
23.116118425,0.28896,-9.30535e-05,0.213328,0.035783,1
23.136175751,0.28889,9.20873e-05,0.21336,0.036918,1
23.156146193,0.28889,9.20873e-05,0.21336,0.0380123,1
23.176132395,0.288768,-6.55194e-06,0.213598,0.0390214,1
23.196116161,0.288995,9.22319e-05,0.213677,0.0404011,1
23.216154581,0.288995,9.22319e-05,0.213677,0.0414989,1
23.236116810,0.288898,-2.00713e-05,0.213812,0.0414989,1
23.256152394,0.288898,-2.00713e-05,0.213812,0.0443481,1
23.276117062,0.288846,-0.00015524,0.213251,0.0449101,1
23.296121871,0.288889,-5.64566e-05,0.21409,0.0454614,1
23.316128058,0.288889,-5.64566e-05,0.21409,0.0459987,1
23.336153349,0.289117,-5.65742e-05,0.213401,0.0463715,1
23.356167816,0.289117,-5.65742e-05,0.213401,0.0468801,1
23.376140300,0.288898,-0.000129397,0.213812,0.0470942,1
23.396119994,0.289195,-9.29452e-05,0.21386,0.0471788,1
23.416155304,0.289195,-9.29452e-05,0.21386,0.0477275,1
23.436170322,0.288889,4.21968e-05,0.214071,0.0484089,1
23.456156175,0.288889,4.21968e-05,0.214071,0.0487854,1
23.476133927,0.289213,-8.093e-05,0.213323,0.0491064,1
23.496119596,0.288995,-8.0854e-05,0.213697,0.0499663,1
23.516153752,0.288995,-8.0854e-05,0.213697,0.0501243,1
23.536140444,0.289055,5.71134e-06,0.213962,0.050056,1
23.556156385,0.289055,5.71134e-06,0.213962,0.0508608,1
23.576134885,0.289108,5.71973e-06,0.213736,0.0514305,1
23.596185283,0.289168,-0.000216027,0.214002,0.0515138,1
23.616163168,0.289168,-0.000216027,0.214002,0.0519289,1
23.636158478,0.2891,-6.56434e-06,0.213303,0.0524711,0
23.656133481,0.2891,-6.56434e-06,0.213303,0.0532258,0
23.676117403,0.289195,-3.06766e-05,0.213879,0.0537125,0
23.696126997,0.28923,8.01778e-05,0.213498,0.0546055,0
23.716109581,0.28923,8.01778e-05,0.213498,0.0552361,0
23.736116745,0.28937,-0.000179713,0.213415,0.0556087,0
23.756154788,0.28937,-0.000179713,0.213415,0.0563273,0
23.776179005,0.289213,-0.000179689,0.213323,0.057127,0
23.796151813,0.289012,-6.86655e-05,0.213871,0.0583088,0
23.816129737,0.289012,-6.86655e-05,0.213871,0.0591928,0
23.836134250,0.289082,-6.86719e-05,0.21384,0.0605778,0
23.856116643,0.289082,-6.86719e-05,0.21384,0.0620598,0
23.876146552,0.288958,-0.000449606,0.214039,0.0630869,0
23.896159059,0.289064,-0.000179483,0.21355,0.0649473,0
23.916172083,0.289064,-0.000179483,0.21355,0.0685114,0
23.936131187,0.289103,-0.000535961,0.214179,0.070627,0
23.956138770,0.289103,-0.000535961,0.214179,0.0734181,0
23.976132271,0.289023,-0.000154978,0.214393,0.0800127,0
23.996130168,0.288893,6.68763e-05,0.215055,0.0855653,0
24.016140575,0.288893,6.68763e-05,0.215055,0.0908595,0
24.036134617,0.289048,-0.000277274,0.215198,0.102325,0
24.056154537,0.289048,-0.000277274,0.215198,0.10556,0
24.076142523,0.289038,-0.000101903,0.215943,0.109274,0
24.096149806,0.289041,-5.48794e-05,0.21662,0.111087,0
24.116144780,0.289041,-5.48794e-05,0.21662,0.112412,0
24.136120839,0.28922,-0.000100158,0.217951,0.11397,0
24.156121368,0.28922,-0.000100158,0.217951,0.114977,0
24.176153332,0.289116,-0.000209589,0.219981,0.115202,0
24.196125587,0.289288,-8.59166e-06,0.222092,0.115825,0
24.216179663,0.289288,-8.59166e-06,0.222092,0.116181,0
24.236118845,0.289223,0.000214269,0.222549,0.11536,0
24.256119362,0.289223,0.000214269,0.222549,0.11499,0
24.276187698,0.28939,0.000349332,0.22501,0.114384,0
24.296141380,0.289377,-8.21988e-05,0.227381,0.113547,0
24.316119937,0.289377,-8.21988e-05,0.227381,0.113256,0
24.336139098,0.289494,1.00612e-05,0.230162,0.113496,0
24.356157048,0.289494,1.00612e-05,0.230162,0.114134,0
24.376163060,0.289469,0.000102179,0.231678,0.114282,0
24.396115344,0.289633,0.000317581,0.234488,0.112602,0
24.416122253,0.289633,0.000317581,0.234488,0.111489,0
24.436174753,0.289719,2.59624e-05,0.236894,0.110783,0
24.456118875,0.289719,2.59624e-05,0.236894,0.110406,0
24.476154606,0.289803,-0.000129162,0.239614,0.110609,0
24.496118874,0.289763,-7.9961e-05,0.242621,0.110751,0
24.516133892,0.289763,-7.9961e-05,0.242621,0.109933,0
24.536151752,0.289822,-0.000225387,0.244344,0.109415,0
24.556133132,0.289822,-0.000225387,0.244344,0.108267,0
24.576135019,0.289853,5.48855e-07,0.247695,0.107507,0
24.596139584,0.2901,-8.37181e-05,0.248876,0.10703,0
24.616123852,0.2901,-8.37181e-05,0.248876,0.107316,0
24.636143835,0.290204,0.000270408,0.253779,0.107864,0
24.656141074,0.290204,0.000270408,0.253779,0.107776,0
24.676134463,0.290268,-6.98912e-05,0.255375,0.107497,0
24.696138171,0.29021,-8.20716e-05,0.25833,0.105778,0
24.716166724,0.29021,-8.20716e-05,0.25833,0.10472,0
24.736144762,0.290195,2.52191e-05,0.261617,0.103887,0
24.756132667,0.290195,2.52191e-05,0.261617,0.10395,0
24.776117012,0.29037,0.000160548,0.264817,0.107053,0
24.796127994,0.290517,0.000129294,0.265776,0.113366,0
24.816179902,0.290517,0.000129294,0.265776,0.114877,0
24.836129318,0.290615,-0.000188012,0.268961,0.114838,0
24.856137694,0.290615,-0.000188012,0.268961,0.110614,0
24.876131200,0.29066,0.000244407,0.272986,0.0988954,0
24.896131888,0.290668,0.000338171,0.27822,0.0857928,0
24.916117745,0.290668,0.000338171,0.27822,0.0731496,0
24.936160754,0.290639,0.000234672,0.28046,0.0665847,0
24.956153441,0.290639,0.000234672,0.28046,0.0619887,0
24.976135582,0.290656,0.000447685,0.282522,0.0587552,0
24.996120268,0.290976,0.00010243,0.285492,0.056122,0
25.016124040,0.290976,0.00010243,0.285492,0.0543663,0
25.036116807,0.29097,-0.00032645,0.28943,0.0530802,0
25.056143979,0.29097,-0.00032645,0.28943,0.0518719,0
25.076133974,0.290839,-0.000115958,0.290948,0.051532,0
25.096117226,0.291079,-0.000113805,0.293527,0.0514049,0
25.116153672,0.291079,-0.000113805,0.293527,0.0509218,0
25.136155336,0.290648,0.000115807,0.296956,0.0509709,0
25.156122698,0.290648,0.000115807,0.296956,0.0505154,0
25.176150715,0.2907,1.3306e-05,0.300504,0.0505154,0
25.196148787,0.29081,0.000340519,0.301765,0.0501536,0
25.216122426,0.29081,0.000340519,0.301765,0.0501334,0
25.236142655,0.290871,-0.000218422,0.304471,0.0501839,0
25.256218014,0.290871,-0.000218422,0.304471,0.0503375,0
25.276133607,0.290867,-6.6721e-06,0.306497,0.0505747,0
25.296145588,0.290453,-0.000125736,0.310295,0.0503965,0
25.316162844,0.290453,-0.000125736,0.310295,0.050296,0
25.336134356,0.290455,-0.000122569,0.311279,0.0502241,0
25.356141109,0.290455,-0.000122569,0.311279,0.0503257,0
25.376131941,0.290619,-1.4309e-05,0.312861,0.0503161,0
25.396170263,0.290604,9.91908e-05,0.315092,0.050448,0
25.416135163,0.290604,9.91908e-05,0.315092,0.0504276,0
25.436131580,0.290697,-0.000124221,0.317157,0.0502588,0
25.456128644,0.290697,-0.000124221,0.317157,0.05012,0
25.476142147,0.290519,9.88767e-05,0.318352,0.0504953,0
25.496140593,0.290413,-0.000335781,0.320262,0.0505015,0
25.516142016,0.290413,-0.000335781,0.320262,0.0505784,0
25.536118970,0.29024,0.000120936,0.322604,0.0504576,0
25.556154649,0.29024,0.000120936,0.322604,0.0503298,0
25.576168611,0.29006,-0.000202272,0.324054,0.0504289,0
25.596147158,0.290171,-7.75945e-05,0.324472,0.050429,0
25.616155343,0.290171,-7.75945e-05,0.324472,0.0504127,0
25.636140080,0.290077,-6.359e-05,0.326388,0.050412,0
25.656136713,0.290077,-6.359e-05,0.326388,0.0504597,0
25.676149358,0.290018,-4.81565e-05,0.327872,0.0503985,0
25.696134197,0.290218,-0.000256143,0.328682,0.0504504,0
25.716147574,0.290218,-0.000256143,0.328682,0.0502812,0
25.736141944,0.290041,8.35522e-05,0.329679,0.0502785,0
25.756140197,0.290041,8.35522e-05,0.329679,0.0502399,0
25.776128795,0.289942,0.000204415,0.330787,0.0503484,0
25.796122400,0.289704,0.000101388,0.332401,0.0503086,0
25.816136518,0.289704,0.000101388,0.332401,0.0502929,0
25.836181975,0.289813,0.000327177,0.333373,0.0503143,0
25.856121572,0.289813,0.000327177,0.333373,0.0503726,0
25.876144473,0.289748,0.000549016,0.333681,0.0504439,0
25.896144190,0.289772,-8.16032e-06,0.334534,0.0504786,0
25.916155931,0.289772,-8.16032e-06,0.334534,0.0504078,0
25.936119547,0.289583,0.00020865,0.336248,0.0502626,0
25.956156325,0.289583,0.00020865,0.336248,0.0502798,0
25.976122212,0.289599,9.08175e-05,0.337305,0.0501978,0
25.996134969,0.289607,0.000419555,0.338031,0.0501858,0
26.016119326,0.289607,0.000419555,0.338031,0.0501777,0
26.036145319,0.28961,-0.00014977,0.338973,0.0502139,0
26.056153420,0.28961,-0.00014977,0.338973,0.050261,0
26.076151408,0.289684,0.000285043,0.340043,0.0502849,0
26.096132429,0.289827,5.13295e-05,0.341047,0.0502103,0
26.116140898,0.289827,5.13295e-05,0.341047,0.0502265,0
26.136168867,0.289666,-6.96872e-05,0.341943,0.0501432,0
26.156161226,0.289666,-6.96872e-05,0.341943,0.0502715,0
26.176135787,0.289268,-7.53432e-05,0.343459,0.0502832,0
26.196119158,0.28931,-0.000202507,0.344626,0.0502466,0
26.216130986,0.28931,-0.000202507,0.344626,0.0502746,0
26.236113453,0.289574,1.86707e-05,0.345608,0.0503436,0
26.256114589,0.289574,1.86707e-05,0.345608,0.0503299,0
26.276132728,0.28968,0.000126357,0.346564,0.0504374,0
26.296119363,0.289651,8.51695e-06,0.347281,0.0504577,0
26.316142493,0.289651,8.51695e-06,0.347281,0.0504004,0
26.336137268,0.289817,-0.000105448,0.34849,0.050427,0
26.356120266,0.289817,-0.000105448,0.34849,0.0504352,0
26.376133282,0.28983,-0.000208035,0.349481,0.0505102,0
26.396126854,0.289183,-9.99403e-05,0.351733,0.0505787,0
26.416141917,0.289183,-9.99403e-05,0.351733,0.0505441,0
26.436155237,0.289453,0.000229439,0.352016,0.0505419,0
26.456127655,0.289453,0.000229439,0.352016,0.050478,0
26.476142264,0.289415,-4.74693e-06,0.353508,0.0504229,0
26.496134636,0.289794,-0.000109193,0.354086,0.0504856,0
26.516139539,0.289794,-0.000109193,0.354086,0.0504493,0
26.536134231,0.289929,0.000120526,0.355031,0.0504344,0
26.556142275,0.289929,0.000120526,0.355031,0.050358,0
26.576135212,0.289481,-0.000110303,0.356041,0.0503903,0
26.596130412,0.289245,-0.000108031,0.356933,0.0504143,0
26.616136041,0.289245,-0.000108031,0.356933,0.0504224,0
26.636139060,0.289224,-0.000216897,0.357957,0.0504278,0
26.656118919,0.289224,-0.000216897,0.357957,0.0503287,0
26.676124712,0.289568,0.000118541,0.358067,0.0503473,0
26.696134072,0.289532,-0.000205497,0.358443,0.0503812,0
26.716115117,0.289532,-0.000205497,0.358443,0.050393,0
26.736123310,0.289467,8.08822e-06,0.359146,0.0504049,0
26.756133581,0.289467,8.08822e-06,0.359146,0.0504052,0
26.776123518,0.28981,1.72377e-05,0.359332,0.0504014,0
26.796146716,0.289366,1.04853e-05,0.36008,0.050371,0
26.816119782,0.289366,1.04853e-05,0.36008,0.0504387,0
26.836099425,0.289342,0.000128455,0.360282,0.0503712,0
26.856144547,0.289342,0.000128455,0.360282,0.0503881,0
26.876153382,0.289452,0.000122596,0.360624,0.05035,0
26.896141050,0.289147,0.000130169,0.36152,0.0503904,0
26.916153076,0.289147,0.000130169,0.36152,0.050367,0
26.936150296,0.289138,0.000345352,0.361511,0.0503807,0
26.956137298,0.289138,0.000345352,0.361511,0.0503841,0
26.976116789,0.289454,-9.76967e-05,0.361309,0.050353,0
26.996158983,0.288947,-9.54174e-05,0.361977,0.0503301,0
27.016118610,0.288947,-9.54174e-05,0.361977,0.0503189,0
27.036121716,0.289163,2.64577e-05,0.36129,0.0503577,0
27.056149671,0.289163,2.64577e-05,0.36129,0.0503102,0
27.076139538,0.288665,-8.02539e-05,0.36128,0.050323,0
27.096134194,0.288192,-0.00031577,0.361715,0.0503804,0
27.116151536,0.288192,-0.00031577,0.361715,0.05035,0
27.136159836,0.287989,-0.000308653,0.360895,0.050348,0
27.156172480,0.287989,-0.000308653,0.360895,0.0503641,0
27.176152478,0.28737,-7.64671e-05,0.360548,0.0503082,0
27.196161130,0.286547,2.59193e-05,0.360063,0.0503886,0
27.216193937,0.286547,2.59193e-05,0.360063,0.0504078,0
27.236117340,0.285729,0.00025548,0.360242,0.0504101,0
27.256155325,0.285729,0.00025548,0.360242,0.0502812,0
27.276128185,0.284986,2.95237e-05,0.359858,0.0502965,0
27.296124337,0.283818,-6.72043e-05,0.359795,0.050303,0
27.316135112,0.283818,-6.72043e-05,0.359795,0.0503703,0
27.336134953,0.283368,-6.95525e-05,0.359115,0.0503599,0
27.356124420,0.283368,-6.95525e-05,0.359115,0.0503859,0
27.376132042,0.281997,0.00026429,0.358888,0.0503859,0
27.396146168,0.280822,-0.000160593,0.357796,0.0502852,0
27.416133686,0.280822,-0.000160593,0.357796,0.0503126,0
27.436121741,0.279098,-0.000267255,0.35715,0.0503458,0
27.456155049,0.279098,-0.000267255,0.35715,0.0503567,0
27.476118003,0.276878,5.58328e-05,0.357001,0.050394,0
27.496130205,0.275932,-4.31304e-05,0.356772,0.0503788,0
27.516125999,0.275932,-4.31304e-05,0.356772,0.0502909,0
27.536134109,0.273697,0.000273967,0.356787,0.0501994,0
27.556130027,0.273697,0.000273967,0.356787,0.0502314,0
27.576124102,0.272213,0.000383587,0.355328,0.0502612,0
27.596115219,0.270216,-2.71586e-05,0.354836,0.0502517,0
27.616121871,0.270216,-2.71586e-05,0.354836,0.0503459,0
27.636120712,0.26917,8.04538e-05,0.35466,0.0503076,0
27.656119433,0.26917,8.04538e-05,0.35466,0.0502516,0
27.676147884,0.26746,-2.52777e-05,0.354277,0.0502564,0
27.696155777,0.265694,0.000181266,0.353144,0.0503518,0
27.716135086,0.265694,0.000181266,0.353144,0.0503155,0
27.736152139,0.263654,8.18079e-05,0.353027,0.0503315,0
27.756119428,0.263654,8.18079e-05,0.353027,0.0502719,0
27.776160608,0.262911,-1.61959e-05,0.352616,0.0502678,0
27.796189870,0.261022,0.000285797,0.352333,0.0502498,0
27.816125109,0.261022,0.000285797,0.352333,0.0502033,0
27.836179033,0.259759,0.000187963,0.351395,0.0502478,0
27.856134254,0.259759,0.000187963,0.351395,0.0502762,0
27.876147803,0.257944,0.000188342,0.350923,0.050324,0
27.896140096,0.257418,-7.99964e-06,0.350593,0.0503014,0
27.916115068,0.257418,-7.99964e-06,0.350593,0.0503187,0
27.936150699,0.256525,9.18006e-05,0.349681,0.050374,0
27.956155556,0.256525,9.18006e-05,0.349681,0.0503225,0
27.976127630,0.255073,0.000189455,0.349657,0.050231,0
27.996128256,0.254013,0.00018917,0.349106,0.0502792,0
28.016144468,0.254013,0.00018917,0.349106,0.0503258,0
28.036156838,0.2534,9.13757e-05,0.349146,0.0502849,0
28.056144671,0.2534,9.13757e-05,0.349146,0.0503271,0
28.076147464,0.25257,9.0999e-05,0.348426,0.0503343,0
28.096132211,0.252037,-4.70667e-06,0.348169,0.0502835,0
28.116133568,0.252037,-4.70667e-06,0.348169,0.0502661,0
28.136174837,0.251428,9.07136e-05,0.347874,0.0503216,0
28.156122735,0.251428,9.07136e-05,0.347874,0.0503484,0
28.176118490,0.251206,-5.36863e-06,0.34723,0.0502941,0
28.196116654,0.250588,9.12333e-05,0.347638,0.0503105,0
28.216164259,0.250588,9.12333e-05,0.347638,0.0502593,0
28.236141774,0.250132,0.000186682,0.347356,0.0502556,0
28.256130273,0.250132,0.000186682,0.347356,0.0502801,0
28.276152202,0.249442,9.05148e-05,0.347316,0.0502527,0
28.296138455,0.249599,0.000186225,0.346898,0.0502584,0
28.316119516,0.249599,0.000186225,0.346898,0.050295,0
28.336180944,0.249063,-0.000100779,0.346875,0.0502923,0
28.356159836,0.249063,-0.000100779,0.346875,0.0502777,0
28.376132203,0.248679,-5.27526e-06,0.346966,0.0503101,0
28.396171673,0.248682,-0.000195836,0.346598,0.0502919,0
28.416153246,0.248682,-0.000195836,0.346598,0.0502777,0
28.436136175,0.248145,0.000185038,0.346621,0.0502838,0
28.456138386,0.248145,0.000185038,0.346621,0.0502982,0
28.476103853,0.247833,0.000185031,0.347184,0.0502772,0
28.496112966,0.248222,-5.19364e-06,0.346572,0.0502738,0
28.516128968,0.248222,-5.19364e-06,0.346572,0.0502419,0
28.536126156,0.247994,-5.30455e-06,0.3461,0.0502377,0
28.556129392,0.247994,-5.30455e-06,0.3461,0.0502362,0
28.576128178,0.247842,0.000184465,0.345888,0.0502709,0
28.596161983,0.247455,-5.16012e-06,0.346556,0.0502808,0
28.616122750,0.247455,-5.16012e-06,0.346556,0.0502925,0
28.636111457,0.247688,-0.000195284,0.345898,0.0502629,0
28.656160778,0.247688,-0.000195284,0.345898,0.0502522,0
28.676157519,0.247689,-5.35916e-06,0.345724,0.0502512,0
28.696125082,0.247305,-5.3088e-06,0.345899,0.0502653,0
28.716140916,0.247305,-5.3088e-06,0.345899,0.0502664,0
28.736130681,0.247228,-5.34643e-06,0.345967,0.0502472,0
28.756136274,0.247228,-5.34643e-06,0.345967,0.050249,0
28.776138993,0.247073,-9.99927e-05,0.346266,0.0502398,0
28.796130372,0.247306,8.95297e-05,0.345599,0.0502611,0
28.816114403,0.247306,8.95297e-05,0.345599,0.0502581,0
28.836128001,0.247075,-5.36716e-06,0.345793,0.0502592,0
28.856128115,0.247075,-5.36716e-06,0.345793,0.0502441,0
28.876111373,0.247383,8.93556e-05,0.345357,0.0502715,0
28.896110059,0.247229,-0.000100184,0.34555,0.050286,0
28.916121371,0.247229,-0.000100184,0.34555,0.0502873,0
28.936156393,0.247229,-0.000289798,0.345589,0.0503071,0
28.956152396,0.247229,-0.000289798,0.345589,0.050297,0
28.976140996,0.246922,-0.000384111,0.345686,0.0503021,0
28.996135506,0.247076,-0.000194992,0.345493,0.0502828,0
29.016143217,0.247076,-0.000194992,0.345493,0.0502523,0
29.036168998,0.247076,-5.32e-06,0.345338,0.0502361,0
29.056141667,0.247076,-5.32e-06,0.345338,0.0502544,0
29.076130258,0.246923,-0.000100077,0.34557,0.0502883,0
29.096142174,0.246614,-9.98959e-05,0.345986,0.0502845,0
29.116122260,0.246614,-9.98959e-05,0.345986,0.0502843,0
29.136133785,0.246922,-0.00019476,0.345618,0.0502885,0
29.156330565,0.246922,-0.00019476,0.345618,0.0502771,0
29.176112619,0.246846,-5.3654e-06,0.345657,0.0502727,0
29.196145238,0.246999,0.000184071,0.345464,0.050266,0
29.216135177,0.246999,0.000184071,0.345464,0.050261,0
29.236152394,0.246846,-0.000100011,0.345425,0.050258,0
29.256126802,0.246846,-0.000100011,0.345425,0.0502704,0
29.276132742,0.246923,-0.000100069,0.345464,0.0502679,0
29.296115983,0.246846,8.92987e-05,0.345657,0.0502714,0
29.316131546,0.246846,8.92987e-05,0.345657,0.0502758,0
29.336158483,0.246846,-5.37923e-06,0.345589,0.0502836,0
29.356122438,0.246846,-5.37923e-06,0.345589,0.0502486,0
29.376126598,0.246846,-5.43809e-06,0.345444,0.0502567,0
29.396131831,0.247077,-0.000100203,0.345202,0.0502429,0
29.416138414,0.247077,-0.000100203,0.345202,0.0502363,0
29.436122060,0.246692,8.92399e-05,0.345657,0.0502878,0
29.456150106,0.246692,8.92399e-05,0.345657,0.0503128,0
29.476150280,0.246923,-5.38224e-06,0.345502,0.05029,0
29.496151372,0.246769,-5.36151e-06,0.345676,0.0502686,0
29.516116614,0.246769,-5.36151e-06,0.345676,0.0502747,0
29.536152823,0.246769,0.000183905,0.345589,0.0502755,0
29.556146054,0.246769,0.000183905,0.345589,0.0502815,0
29.576135787,0.246769,0.000183928,0.345705,0.0502563,0
29.596156139,0.246769,-5.51643e-06,0.345493,0.0502801,0
29.616116857,0.246769,-5.51643e-06,0.345493,0.0502793,0
29.636134572,0.246615,8.92315e-05,0.345724,0.0502673,0
29.656126560,0.246615,8.92315e-05,0.345724,0.0502795,0
29.676120878,0.246846,-0.000100065,0.345483,0.0502662,0
29.696152453,0.246846,-5.37666e-06,0.345638,0.0502708,0
29.716121573,0.246846,-5.37666e-06,0.345638,0.0502572,0
29.736130093,0.246616,-9.99526e-05,0.345637,0.0502629,0
29.756174887,0.246616,-9.99526e-05,0.345637,0.0502731,0
29.776154923,0.246538,8.92514e-05,0.346005,0.0502779,0
29.796133848,0.246769,-0.000100011,0.345638,0.0502647,0
29.816160924,0.246769,-0.000100011,0.345638,0.0502763,0
29.836116233,0.246846,-5.41469e-06,0.345415,0.0502668,0
29.856158283,0.246846,-5.41469e-06,0.345415,0.0502618,0
29.876157424,0.24677,-5.3823e-06,0.345357,0.0502551,0
29.896169831,0.246769,-5.40088e-06,0.345483,0.0502545,0
29.916121601,0.246769,-5.40088e-06,0.345483,0.0502495,0
29.936154637,0.246923,-5.48825e-06,0.34527,0.0502375,0
29.956138564,0.246923,-5.48825e-06,0.34527,0.0502339,0
29.976158661,0.247,-0.000194857,0.345289,0.0502451,0
29.996165066,0.24723,-5.54751e-06,0.344835,0.0502381,0
30.016205951,0.24723,-5.54751e-06,0.344835,0.0502581,0
30.036146213,0.246923,8.9261e-05,0.345289,0.0502765,0
30.056124762,0.246923,8.9261e-05,0.345289,0.0502884,0
30.076155454,0.247077,8.93354e-05,0.345077,0.0502596,0
30.096124928,0.246616,8.91889e-05,0.345406,0.050244,0
30.116136744,0.246616,8.91889e-05,0.345406,0.0502655,0
30.136121182,0.246615,8.9228e-05,0.345744,0.0502583,0
30.156116849,0.246615,8.9228e-05,0.345744,0.0502419,0
30.176116762,0.246846,-5.42683e-06,0.345464,0.0502293,0
30.196132773,0.246693,0.000183832,0.345444,0.0502469,0
30.216115235,0.246693,0.000183832,0.345444,0.0502684,0
30.236135968,0.246846,-5.37835e-06,0.345521,0.050287,0
30.256116176,0.246846,-5.37835e-06,0.345521,0.050268,0
30.276135390,0.246846,-5.45406e-06,0.345222,0.0502704,0
30.296128150,0.246462,-5.3115e-06,0.345705,0.0502839,0
30.316128335,0.246462,-5.3115e-06,0.345705,0.050295,0
30.336155651,0.247,8.9283e-05,0.345289,0.0502739,0
30.356148129,0.247,8.9283e-05,0.345289,0.0502672,0
30.376149419,0.246846,-5.43633e-06,0.345309,0.0502575,0
30.396140806,0.247,-5.48951e-06,0.345047,0.0502779,0
30.416136606,0.247,-5.48951e-06,0.345047,0.050312,0
30.436155138,0.246538,-5.31231e-06,0.345917,0.0503206,0
30.456159438,0.246538,-5.31231e-06,0.345917,0.0502971,0
30.476135616,0.246923,-5.40564e-06,0.345531,0.0502983,0
30.496161297,0.246846,-0.000100101,0.345309,0.0503043,0
30.516156099,0.246846,-0.000100101,0.345309,0.0503005,0
30.536153099,0.246923,-5.44803e-06,0.345251,0.0502889,0
30.556170529,0.246923,-5.44803e-06,0.345251,0.0502825,0
30.576176218,0.246769,-5.32869e-06,0.345512,0.0502825,0
30.596142700,0.246846,-5.36931e-06,0.345638,0.0503077,0
30.616169123,0.246846,-5.36931e-06,0.345638,0.0503216,0
30.636129183,0.246923,8.93517e-05,0.345338,0.0503255,0
30.656118830,0.246923,8.93517e-05,0.345338,0.0503078,0
30.676133713,0.246846,0.000183963,0.345657,0.050311,0
30.696128299,0.246692,-9.99673e-05,0.345637,0.0502993,0
30.716159723,0.246692,-9.99673e-05,0.345637,0.0502999,0
30.736128100,0.246923,-0.000194796,0.345551,0.0502877,0
30.756129980,0.246923,-0.000194796,0.345551,0.050285,0
30.776186598,0.246538,-0.000288977,0.345792,0.0503052,0
30.796142135,0.246693,-5.37237e-06,0.34555,0.0502976,0
30.816154016,0.246693,-5.37237e-06,0.34555,0.0503122,0
30.836132782,0.246846,-0.000100112,0.345251,0.0503103,0
30.856117182,0.246846,-0.000100112,0.345251,0.0503048,0
30.876136707,0.246769,0.000183851,0.345396,0.0503301,0
30.896113890,0.246923,8.92462e-05,0.345289,0.050322,0
30.916138448,0.246923,8.92462e-05,0.345289,0.0503273,0
30.936136138,0.247,-5.47177e-06,0.345135,0.0503344,0
30.956128684,0.247,-5.47177e-06,0.345135,0.0503382,0
30.976155911,0.24677,8.93115e-05,0.345357,0.0503494,0
30.996166416,0.246769,0.000278598,0.345512,0.0503164,0
31.016124285,0.246769,0.000278598,0.345512,0.0503047,0
31.036123572,0.246693,-0.000100013,0.345415,0.0502959,0
31.056119360,0.246693,-0.000100013,0.345415,0.0502918,0
31.076136137,0.246923,-5.43632e-06,0.345309,0.0502835,0
31.096135768,0.247,8.91996e-05,0.345096,0.0503,0
31.116157695,0.247,8.91996e-05,0.345096,0.0503012,0
31.136120070,0.246693,-0.00019463,0.345463,0.0503011,0
31.156147775,0.246693,-0.00019463,0.345463,0.0503138,0
31.176120881,0.246693,-5.43813e-06,0.345444,0.0502981,0
31.196141529,0.246692,-0.000100093,0.345705,0.0503054,0
31.216140510,0.246692,-0.000100093,0.345705,0.0502938,0
31.236127951,0.246462,-5.38201e-06,0.345792,0.0502953,0
31.256157755,0.246462,-5.38201e-06,0.345792,0.0502873,0
31.276143774,0.246692,-5.38317e-06,0.34557,0.0502819,0
31.296154244,0.246846,-5.46662e-06,0.345376,0.0502874,0
31.316153687,0.246846,-5.46662e-06,0.345376,0.0503083,0
31.336152530,0.246692,-5.36153e-06,0.345676,0.0503058,0
31.356139830,0.246692,-5.36153e-06,0.345676,0.0502853,0
31.376150656,0.246616,-5.4105e-06,0.34558,0.0502992,0
31.396141557,0.247077,-5.50724e-06,0.34496,0.0502907,0
31.416121397,0.247077,-5.50724e-06,0.34496,0.0502738,0
31.436131960,0.246538,8.92487e-05,0.345773,0.050289,0
31.456118363,0.246538,8.92487e-05,0.345773,0.0502693,0
31.476157236,0.247,-0.00010034,0.345145,0.0502765,0
31.496131803,0.246846,8.92315e-05,0.345289,0.0503046,0
31.516132394,0.246846,8.92315e-05,0.345289,0.0502928,0
31.536140398,0.246846,-0.000100143,0.345531,0.0503192,0
31.556156194,0.246846,-0.000100143,0.345531,0.0503021,0
31.576120473,0.246923,-5.44022e-06,0.345289,0.0502973,0
31.596114469,0.246461,8.92225e-05,0.345898,0.0502981,0
31.616169210,0.246461,8.92225e-05,0.345898,0.0503151,0
31.636150726,0.246693,-5.41174e-06,0.345357,0.0503211,0
31.656155931,0.246693,-5.41174e-06,0.345357,0.0503044,0
31.676121443,0.246846,-5.49903e-06,0.345434,0.050313,0
31.696156712,0.247077,-0.000100297,0.344922,0.050343,0
31.716160773,0.247077,-0.000100297,0.344922,0.050345,0
31.736132629,0.246462,-0.0001944,0.345724,0.0503432,0
31.756102372,0.246462,-0.0001944,0.345724,0.0503366,0
31.776169860,0.246923,-0.000100144,0.345096,0.0503474,0
31.796178911,0.246616,-5.40093e-06,0.345482,0.0502934,0
31.816154258,0.246616,-5.40093e-06,0.345482,0.0503028,0
31.836152536,0.247,-5.45404e-06,0.345222,0.050297,0
31.856155909,0.247,-5.45404e-06,0.345222,0.0503085,0
31.876134873,0.246693,-9.99951e-05,0.345502,0.0502829,0
31.896157453,0.246615,-0.000194496,0.345724,0.0502785,0
31.916148606,0.246615,-0.000194496,0.345724,0.0502694,0
31.936137155,0.246692,-9.99993e-05,0.345589,0.0502997,0
31.956131116,0.246692,-9.99993e-05,0.345589,0.0503199,0
31.976143504,0.246692,8.92874e-05,0.345637,0.0502989,0
31.996126807,0.246616,-5.38232e-06,0.345502,0.0503042,0
32.016115956,0.246616,-5.38232e-06,0.345502,0.0502971,0
32.036163901,0.246692,-0.000194594,0.34557,0.0503074,0
32.056122083,0.246692,-0.000194594,0.34557,0.0503017,0
32.076153059,0.246846,8.91968e-05,0.345444,0.0503017,0
32.096130010,0.246923,-0.000384223,0.345289,0.0503399,0
32.116132768,0.246923,-0.000384223,0.345289,0.0503363,0
32.136123926,0.246999,-5.38312e-06,0.34557,0.0503284,0
32.156120442,0.246999,-5.38312e-06,0.34557,0.0503337,0
32.176115926,0.246923,8.93301e-05,0.345232,0.0503082,0
32.196121282,0.246923,8.93076e-05,0.345338,0.0502879,0
32.216135211,0.246923,8.93076e-05,0.345338,0.0502788,0
32.236116576,0.246769,-0.000289295,0.345531,0.0502761,0
32.256130969,0.246769,-0.000289295,0.345531,0.0502929,0
32.276133021,0.246692,-0.000194576,0.345657,0.0502929,0
32.296104018,0.246923,-0.000384172,0.345464,0.0503008,0
32.316118295,0.246923,-0.000384172,0.345464,0.0502923,0
32.336128532,0.246923,-5.41908e-06,0.345213,0.0503096,0
32.356130173,0.246923,-5.41908e-06,0.345213,0.0502862,0
32.376116182,0.247,-5.42073e-06,0.345241,0.0502942,0
32.396119246,0.246539,0.000183731,0.345676,0.0502975,0
32.416132721,0.246539,0.000183731,0.345676,0.050318,0
32.436123601,0.246769,-5.39697e-06,0.345502,0.0503129,0
32.456132664,0.246769,-5.39697e-06,0.345502,0.0502946,0
32.476141150,0.246846,-5.42985e-06,0.345376,0.0502796,0
32.496116010,0.246616,-5.37328e-06,0.345618,0.0502817,0
32.516116469,0.246616,-5.37328e-06,0.345618,0.0502646,0
32.536129093,0.246461,0.000183742,0.345985,0.0502709,0
32.556130700,0.246461,0.000183742,0.345985,0.0502833,0
32.576142632,0.246693,-5.39745e-06,0.345463,0.0502864,0
32.596120044,0.247,-5.3853e-06,0.34527,0.0503177,0
32.616157153,0.247,-5.3853e-06,0.34527,0.0503009,0
32.636149738,0.246846,0.000278609,0.34557,0.0502569,0
32.656117392,0.246846,0.000278609,0.34557,0.0502723,0
32.676147643,0.246692,8.92683e-05,0.345725,0.0502638,0
32.696120171,0.246693,-5.41951e-06,0.345463,0.0502603,0
32.716125341,0.246693,-5.41951e-06,0.345463,0.0502584,0
32.736114877,0.246616,-5.40181e-06,0.34555,0.0502481,0
32.756126999,0.246616,-5.40181e-06,0.34555,0.0502515,0
32.776122689,0.247,-5.52245e-06,0.345319,0.0502651,0
32.796115459,0.246693,-5.40435e-06,0.345502,0.0502513,0
32.816130851,0.246693,-5.40435e-06,0.345502,0.0502714,0
32.836132176,0.246769,-9.99789e-05,0.345725,0.0502948,0
32.856116524,0.246769,-9.99789e-05,0.345725,0.0502907,0
32.876115414,0.246923,0.000278606,0.344971,0.0502945,0
32.896120782,0.24677,-0.000194711,0.345357,0.05028,0
32.916127345,0.24677,-0.000194711,0.345357,0.0502732,0
32.936137646,0.246539,-5.38802e-06,0.345618,0.0502677,0
32.956120858,0.246539,-5.38802e-06,0.345618,0.0502549,0
32.976142212,0.246923,-5.48825e-06,0.34527,0.0502615,0
32.996124575,0.246693,8.918e-05,0.345289,0.0502559,0
33.016126940,0.246693,8.918e-05,0.345289,0.0502559,0
33.036115995,0.246693,8.918e-05,0.345289,0.0502805,0
33.056115838,0.246693,8.918e-05,0.345289,0.0502753,0
33.076126395,0.246846,-5.4117e-06,0.345357,0.0502702,0
33.096158397,0.246923,-9.99782e-05,0.345512,0.0502335,0
33.116135510,0.246923,-9.99782e-05,0.345512,0.0502296,0
33.136128822,0.246923,8.91221e-05,0.345077,0.0502181,0
33.156130162,0.246923,8.91221e-05,0.345077,0.0502248,0
33.176104212,0.246846,-5.43721e-06,0.345376,0.0502354,0
33.196119212,0.247077,-5.50031e-06,0.345067,0.0502354,0
33.216117585,0.247077,-5.50031e-06,0.345067,0.0502609,0
33.236126076,0.246692,-9.9987e-05,0.345792,0.0502522,0
33.256149749,0.246692,-9.9987e-05,0.345792,0.0502488,0
33.276117346,0.246846,0.000183902,0.345357,0.050273,0
33.296129596,0.246923,-5.43632e-06,0.345309,0.0502674,0
33.316144357,0.246923,-5.43632e-06,0.345309,0.050284,0
33.336126522,0.246693,-0.000194659,0.345289,0.0502946,0
33.356117314,0.246693,-0.000194659,0.345289,0.0503041,0
33.376116863,0.246616,8.91987e-05,0.345599,0.0502951,0
33.396139912,0.246769,8.92586e-05,0.345531,0.0502775,0
33.416117169,0.246769,8.92586e-05,0.345531,0.050249,0
33.436117359,0.246538,-0.000194433,0.34585,0.0502625,0
33.456116657,0.246538,-0.000194433,0.34585,0.0502672,0
33.476117916,0.24677,8.91757e-05,0.345376,0.050289,0
33.496125903,0.246923,-0.000100112,0.345396,0.0502834,0
33.516119473,0.246923,-0.000100112,0.345396,0.0502796,0
33.536140796,0.246691,-0.000194517,0.345869,0.0502791,0
33.556118365,0.246691,-0.000194517,0.345869,0.0502791,0
33.576123690,0.247077,0.000278765,0.345028,0.0503029,0
33.596128016,0.246923,8.92747e-05,0.345502,0.0503013,0
33.616115896,0.246923,8.92747e-05,0.345502,0.0503115,0
33.636121970,0.246923,-0.000194803,0.345377,0.0503197,0
33.656125826,0.246923,-0.000194803,0.345377,0.0502927,0
33.676118836,0.246692,0.000278475,0.345705,0.0502771,0
33.696122037,0.247077,-5.48261e-06,0.345009,0.0502938,0
33.716129313,0.247077,-5.48261e-06,0.345009,0.0503361,0
33.736135772,0.24677,-0.00019474,0.345145,0.0503299,0
33.756118621,0.24677,-0.00019474,0.345145,0.0503274,0
33.776131037,0.246616,-0.000194535,0.345463,0.0503184,0
33.796123431,0.246693,8.91173e-05,0.34527,0.0503016,0
33.816178490,0.246693,8.91173e-05,0.34527,0.0502909,0
33.836117075,0.246769,-5.44592e-06,0.345406,0.0502839,0
33.856077651,0.246769,-5.44592e-06,0.345406,0.0502682,0
33.876090055,0.246616,-5.40135e-06,0.345589,0.050283,0
33.896126036,0.246923,-0.000289533,0.345377,0.0502735,0
33.916117312,0.246923,-0.000289533,0.345377,0.0502874,0
33.936127696,0.247,-5.40211e-06,0.34526,0.0503143,0
33.956117623,0.247,-5.40211e-06,0.34526,0.0503139,0
33.976117532,0.24677,0.000183838,0.345183,0.0503096,0
33.996126488,0.246923,-5.4575e-06,0.345241,0.0502792,0
34.016121368,0.246923,-5.4575e-06,0.345241,0.0502846,0
34.036133884,0.246693,-0.000100099,0.345531,0.0502768,0
34.056121733,0.246693,-0.000100099,0.345531,0.0502781,0
34.076115568,0.246923,0.000183993,0.345551,0.0502881,0
34.096153869,0.246539,-9.99128e-05,0.345724,0.0502705,0
34.116117738,0.246539,-9.99128e-05,0.345724,0.0502858,0
34.136133629,0.246692,-5.37191e-06,0.345589,0.050283,0
34.156178095,0.246692,-5.37191e-06,0.345589,0.0502901,0
34.176154716,0.246616,-9.98688e-05,0.34558,0.0502528,0
34.196142051,0.246615,-0.000194551,0.345705,0.0502649,0
34.216166233,0.246615,-0.000194551,0.345705,0.0502455,0
34.236135832,0.246769,0.000183878,0.345638,0.0502678,0
34.256113593,0.246769,0.000183878,0.345638,0.0502678,0
34.276133892,0.246923,-5.4238e-06,0.345551,0.0502874,0
34.296154061,0.247077,-5.47178e-06,0.345135,0.0502878,0
34.316141740,0.247077,-5.47178e-06,0.345135,0.0502978,0
34.336115591,0.246769,8.92948e-05,0.345638,0.0503003,0
34.356148322,0.246769,8.92948e-05,0.345638,0.0503092,0
34.376119255,0.246846,-5.4186e-06,0.345396,0.0503226,0
34.396145001,0.246692,-0.00019462,0.34555,0.0502914,0
34.416141872,0.246692,-0.00019462,0.34555,0.050274,0
34.436117799,0.246769,-5.41214e-06,0.345463,0.0502828,0
34.456151945,0.246769,-5.41214e-06,0.345463,0.0502965,0
34.476170225,0.246923,-0.000194835,0.345328,0.0502934,0
34.496146048,0.246769,-5.39054e-06,0.345425,0.0503009,0
34.516115016,0.246769,-5.39054e-06,0.345425,0.0502999,0
34.536116429,0.246846,-0.000194693,0.345232,0.0503141,0
34.556154461,0.246846,-0.000194693,0.345232,0.0503073,0
34.576119213,0.246923,8.91221e-05,0.345077,0.050288,0
34.596117628,0.246923,-0.000194748,0.345464,0.050301,0
34.616128839,0.246923,-0.000194748,0.345464,0.050302,0
34.636116562,0.247,0.000184039,0.345415,0.0502671,0
34.656138305,0.247,0.000184039,0.345415,0.0502679,0
34.676133792,0.246846,-0.000100054,0.345502,0.0502807,0
34.696120900,0.246692,-9.99954e-05,0.345608,0.0503072,0
34.716118597,0.246692,-9.99954e-05,0.345608,0.0502942,0
34.736124180,0.246846,8.92281e-05,0.345309,0.0503195,0
34.756142558,0.246846,8.92281e-05,0.345309,0.0503054,0
34.776129803,0.24677,-5.45147e-06,0.345415,0.0503328,0
34.796164570,0.246923,8.92993e-05,0.345551,0.0503197,0
34.816114574,0.246923,8.92993e-05,0.345551,0.0503336,0
34.836145684,0.246693,-5.4351e-06,0.345531,0.0503611,0
34.856144644,0.246693,-5.4351e-06,0.345531,0.0503466,0
34.876124709,0.247,-5.41858e-06,0.345396,0.0503574,0
